curve_idx,outputs
49822,0.99980253
63474,0.97852397
120978,0.99976355
104054,0.99893576
2186,0.9968567
30883,0.99985695
109783,0.9997763
66980,0.99849725
87568,0.99988043
109610,0.99985087
68192,0.9990306
5454,0.9989575
29510,0.999879
81960,0.9998616
16933,0.99985254
17892,0.9999248
128970,0.9978047
69456,0.9987281
109556,0.9998597
2125,0.112988405
76341,0.7123515
14533,0.9995321
5647,0.9993987
72637,0.9998666
103945,0.9983065
49718,0.33404684
116150,0.04275371
8028,0.011632391
48345,0.37912077
16037,0.16770633
70632,0.991235
93480,0.99970007
2285,0.99607784
49892,0.99947935
59932,0.99885726
45712,0.9898601
81818,0.9996451
86615,0.9998826
31763,0.99493647
21949,0.045542512
35982,0.99659914
101553,0.99983394
120998,0.99929655
116484,0.9998753
54314,0.99986327
61421,0.98121566
77359,0.9996517
98037,0.9988067
97947,0.9994122
102868,0.25571072
43418,0.9971988
75237,0.999777
74450,0.9993901
116483,0.9998678
31765,0.9983516
127217,0.16663003
88871,0.9998758
21028,0.99865806
30682,0.99989855
79660,0.99984825
44309,0.9961755
122241,0.9922748
61228,0.99759895
87760,0.99989426
110616,0.999209
89974,0.9998932
37222,0.99657035
109574,0.99983954
109570,0.9994191
32616,0.9990619
101509,0.99986875
111913,0.9998411
76084,0.9997969
53057,0.5936733
26122,0.99928313
127155,0.9975231
116704,0.9998399
116480,0.9998134
127173,0.9964036
114368,0.99975806
13327,0.99974984
10578,0.98431706
72625,0.9990491
64334,0.059973214
5989,0.059734225
116573,0.9993049
129621,0.9840852
1269,0.99658895
115575,0.9996755
90556,0.99960274
14602,0.9992374
69460,0.72111243
28309,0.9991634
60133,0.99866927
30737,0.99985015
93637,0.9982962
47461,0.9962811
47358,0.9492037
113195,0.99978
115466,0.99965096
47385,0.9977463
29495,0.99989104
4580,0.9981584
128124,0.9939871
89938,0.99986315
67471,0.24427131
54368,0.99978894
10497,0.99787915
49136,0.19226715
45369,0.018312002
18150,0.99984944
2056,0.9983041
115361,0.9987478
72748,0.99906796
40776,0.08293153
122381,0.99734795
76252,0.9971746
61419,0.99191827
65843,0.5880955
76016,0.038931176
39856,0.99136317
118880,0.9998834
47415,0.9228462
81031,0.999869
39560,0.9963415
74834,0.9989687
37445,0.9987723
44368,0.02428766
23958,0.99515355
127199,0.9977189
58918,0.99813855
8297,0.9979032
49616,0.99940836
5461,0.99959415
95972,0.999474
29181,0.015717948
92276,0.99987924
89960,0.999871
6185,0.118745156
69150,0.9988217
59122,0.99434894
47360,0.34375128
79766,0.99978524
53026,0.9978871
28263,0.9994623
45953,0.64468014
80741,0.9998406
19193,0.99986124
21427,0.9974095
18958,0.99979204
61130,0.997718
165,0.13043737
14362,0.99968195
13433,0.9998055
117723,0.99982315
128137,0.99608696
706,0.9953223
91230,0.9842359
109370,0.99885905
106307,0.99984336
127879,0.99794453
115132,0.9983342
79761,0.9998958
37473,0.99780995
95828,0.99971706
68690,0.9989982
54407,0.999757
19027,0.9998869
84495,0.9998449
34165,0.9968816
20015,0.045881897
125701,0.99986756
76079,0.9998129
99382,0.9966961
35720,0.9939567
82110,0.9998392
121176,0.997968
34197,0.99661034
90064,0.9998479
116174,0.06207978
63679,0.9775088
89786,0.99851316
64682,0.9788832
108504,0.9998665
23957,0.99874276
91039,0.99981326
100154,0.9980331
1999,0.99741936
45859,0.9544686
25975,0.99878234
82358,0.06253651
69433,0.72190183
20399,0.73291874
35768,0.9958621
93685,0.9962161
70307,0.9996182
5552,0.9998258
86670,0.7152305
30624,0.99989676
62391,0.9953793
35317,0.18132062
21349,0.9939383
43503,0.99638903
108365,0.99982953
37265,0.99720407
106010,0.9998807
88754,0.99983835
2104,0.9970095
68227,0.9984743
17942,0.9999145
63686,0.9901849
90220,0.999879
29519,0.99979407
121188,0.997936
65988,0.7190314
78690,0.99967194
20299,0.99541426
42897,0.018746698
34402,0.9959771
106067,0.99985635
120415,0.12078925
28374,0.999801
17850,0.9997187
126845,0.99988353
21322,0.9972994
44356,0.99682343
109643,0.99974734
23705,0.9899475
93541,0.99809796
35513,0.016742349
107214,0.99988925
102798,0.99967647
39619,0.9921469
84026,0.9990833
47337,0.9981067
36572,0.99500895
84685,0.019059073
58997,0.99875474
90107,0.9998989
37247,0.99644864
32840,0.052078888
42627,0.56329656
81811,0.99988425
95954,0.72465616
43438,0.99558544
72124,0.9992735
37275,0.99610656
96957,0.99979943
128261,0.9955472
54364,0.9900719
37352,0.997735
16899,0.9998442
22537,0.103300184
58785,0.9851265
87716,0.9996934
88969,0.99772066
5559,0.9997416
49672,0.99944645
76290,0.9988186
102749,0.99989414
20161,0.9816134
70344,0.5492349
1073,0.99977964
89048,0.9998435
97137,0.9997651
76148,0.9998857
31800,0.99104756
13258,0.9998068
62524,0.23926456
75158,0.9998043
44371,0.9979063
86520,0.9998124
66015,0.71733254
73899,0.99986935
29572,0.9998745
30887,0.9998406
14687,0.9986934
16977,0.999853
44251,0.99668854
79707,0.9998186
26141,0.9979261
15732,0.99961036
102074,0.9993073
9053,0.9962375
8482,0.99356294
105205,0.9998431
72818,0.981652
26214,0.9994666
16446,0.023341456
87617,0.999869
54270,0.9996705
69197,0.9981604
129507,0.81984884
34598,0.99910045
66368,0.1989893
104869,0.9998167
45871,0.9967353
38816,0.09313815
19236,0.99983156
76320,0.9989592
88966,0.9998604
28354,0.9997434
5173,0.01296507
84410,0.24359424
71651,0.99902236
73988,0.9996611
47412,0.9230388
112967,0.9998178
2050,0.996249
51952,0.99981266
34868,0.99891746
1952,0.9967553
69481,0.9947025
27089,0.99713755
89065,0.9998128
80697,0.9998585
6718,0.059768107
5499,0.9994049
85328,0.9998661
1998,0.9961008
49334,0.09679603
44359,0.99659085
53167,0.99799085
79580,0.9998785
82130,0.23369913
58819,0.99839056
127211,0.99024713
76074,0.9996594
21379,0.9971073
37264,0.9967829
91096,0.99986684
76130,0.9990079
30979,0.99884593
5308,0.9975877
17811,0.9998995
30831,0.9998312
69076,0.99835443
90193,0.99984336
84439,0.9998797
86486,0.9998827
2135,0.99538934
79847,0.9998598
102881,0.9998976
113120,0.9994154
113202,0.99971133
88634,0.9991128
67215,0.9984126
54306,0.99980503
2184,0.9970271
32579,0.9983082
4576,0.9994498
108592,0.99969363
127913,0.99642366
5629,0.9998017
26988,0.99820673
118881,0.9998696
129631,0.9954136
50854,0.9994324
109645,0.5077463
120398,0.19794832
2005,0.99772054
101453,0.9998425
64787,0.99567753
99104,0.99983394
26257,0.99938715
34877,0.9988858
106099,0.9998895
49603,0.99945897
30547,0.9998535
27178,0.9960796
3410,0.9968851
36404,0.99688053
124545,0.9998031
81826,0.9998599
23787,0.9977744
44394,0.9970481
76419,0.99904543
37471,0.9978004
37211,0.9967822
127272,0.9977386
69187,0.9985435
10516,0.996905
29565,0.31732294
112944,0.99887985
49389,0.03429319
58879,0.99550134
53297,0.77635336
114178,0.9991617
121168,0.99987495
103859,0.99862194
90126,0.99990416
69333,0.5315984
85629,0.99978226
101966,0.03419516
29389,0.9998839
81808,0.9997962
79669,0.19726336
19162,0.9996427
12272,0.99966264
40580,0.055007704
28162,0.9983536
2029,0.9980311
113161,0.999814
16690,0.9996295
127966,0.994214
94818,0.99987257
51862,0.999526
26219,0.9994723
113138,0.9981261
129592,0.9737128
32511,0.9989305
47311,0.16646908
86568,0.9981894
73663,0.051642314
34157,0.99773526
63427,0.99841917
80769,0.9999076
94789,0.99990594
91180,0.9998869
35648,0.9953094
121180,0.99787736
81813,0.99987483
112968,0.9991399
53023,0.9984755
85435,0.999813
105009,0.9998448
84423,0.99985456
91981,0.032061785
5880,0.9978492
90162,0.9999069
31079,0.99843234
17732,0.9974195
26069,0.9989353
108662,0.99926156
69180,0.9987828
115323,0.9987827
88875,0.99988484
97850,0.9982773
115506,0.9983354
17820,0.99984777
125843,0.9985973
29925,0.39387593
47355,0.9970452
19215,0.9996965
122134,0.99979264
96802,0.9998312
129537,0.12999505
29608,0.9998926
37427,0.9979074
82166,0.99953234
92513,0.999861
109826,0.99975437
89099,0.99988806
20450,0.9882968
129531,0.9908599
32555,0.9965634
20112,0.98905027
121328,0.9987424
80677,0.9998908
117638,0.9998299
44245,0.9997676
113618,0.9989644
109015,0.44181648
47315,0.920235
16880,0.99989283
41342,0.99611074
61234,0.6968039
6912,0.95993876
128030,0.9965475
118735,0.9998585
17954,0.9997608
12383,0.99771357
12242,0.9998841
70547,0.9900656
73858,0.9998585
73995,0.9997768
27231,0.9925056
86618,0.99980265
19185,0.99984276
26279,0.99913317
69232,0.99968433
129499,0.9008753
100564,0.7047272
5518,0.99817014
86561,0.999905
8211,0.96852374
14700,0.9987219
16739,0.9998859
37557,0.9984829
28448,0.9993849
29581,0.99986875
88965,0.9998574
110762,0.9991061
128083,0.99708
85624,0.9997608
100403,0.9998702
116562,0.99984753
129354,0.9826156
41346,0.9972307
58779,0.996132
41429,0.9978855
28591,0.9995776
96937,0.9998919
127167,0.9975865
91290,0.9995265
129630,0.99562365
41363,0.9965641
10377,0.017320585
107199,0.999877
17843,0.9999006
98247,0.99905115
74294,0.09090754
86565,0.9998547
84176,0.99987316
7108,0.8342845
13232,0.9994727
19136,0.9998636
91360,0.99988365
30693,0.6403579
67015,0.9994386
5939,0.9982907
65838,0.7076677
97098,0.9974687
76275,0.99956304
125834,0.9998516
127030,0.9992393
26189,0.99896
113203,0.9988017
111962,0.9998522
92292,0.9998944
60115,0.99693906
54403,0.997769
108510,0.9997421
32588,0.99860257
49824,0.38532498
16751,0.998782
45735,0.9974172
107223,0.9996965
74966,0.99980897
29500,0.99979955
64816,0.99407333
91574,0.06412534
102842,0.19899337
121333,0.99987304
91384,0.9998796
70336,0.9983107
32642,0.99827933
1245,0.10439479
34849,0.9978582
115222,0.98174334
102897,0.99840766
62328,0.991742
91141,0.9998859
117866,0.99989116
51973,0.9998437
89961,0.9998253
97051,0.9998969
127980,0.99553597
26217,0.99956566
110854,0.9996321
37377,0.9969164
107309,0.99983823
75242,0.9998136
8295,0.99672616
18964,0.9998753
81861,0.9996697
31266,0.9973713
28416,0.9995716
85425,0.99986553
70401,0.9983494
80693,0.9973865
1940,0.9976488
118982,0.9998435
76124,0.9996655
109653,0.9998171
111826,0.9996145
124543,0.99975973
66752,0.059232727
55617,0.9998281
85468,0.9998154
112060,0.24719623
127805,0.016170487
97015,0.99785125
32663,0.99727196
92342,0.32432607
62237,0.99836904
84175,0.9998586
127947,0.98964536
59702,0.06186183
117874,0.999895
73937,0.99983346
55368,0.9996793
96938,0.9997799
40262,0.99582726
99381,0.9998603
13533,0.99962616
34991,0.999084
5538,0.9998733
19270,0.99990034
69425,0.9981085
9859,0.99568224
127150,0.99675024
69364,0.99845934
39870,0.99813914
129495,0.98540777
37306,0.99802446
40451,0.16966538
114413,0.99985063
34237,0.9958834
46005,0.57427144
28391,0.9997644
1973,0.99755245
95693,0.9964121
44558,0.9973079
59084,0.9901661
76055,0.99977463
31670,0.9982151
20446,0.6636934
14395,0.9994129
41422,0.99604344
45766,0.99760133
76120,0.99866307
72906,0.99506676
44435,0.9984773
33043,0.99834704
55552,0.99973613
116390,0.9998703
17946,0.9998872
9789,0.12458069
108456,0.99985623
41081,0.9975012
128025,0.99618953
31733,0.33917832
23804,0.99755174
67538,0.9987754
71603,0.99979144
90002,0.9998004
29567,0.99984336
82164,0.9998265
128059,0.99895287
92290,0.99985075
109261,0.07086129
23771,0.9920232
127413,0.023309136
66957,0.99869686
35002,0.466295
25970,0.999228
28268,0.9970751
35025,0.99885917
114271,0.99951994
23648,0.9976687
50856,0.999585
68326,0.9995703
118688,0.9998265
19261,0.9998271
1060,0.9982498
84318,0.9998204
17941,0.9997297
14525,0.2719667
76191,0.99922013
10587,0.9962185
10590,0.9973978
72799,0.99860805
50806,0.9994838
61171,0.99764293
37335,0.9978947
32522,0.998442
31092,0.98319685
106310,0.9998542
54448,0.99961406
19014,0.99880576
8299,0.05640811
89926,0.9998977
35003,0.17845897
29654,0.9999118
76213,0.26708254
37236,0.9972927
77400,0.99929035
14675,0.99927217
91113,0.99983454
30816,0.99983084
88824,0.999876
14416,0.9997738
9741,0.99754155
54516,0.9992281
10547,0.9962352
94628,0.9998704
52058,0.9988803
129455,0.99677926
15592,0.99860245
109680,0.99966025
26131,0.9994892
65688,0.6570623
22176,0.9971937
67157,0.9990895
122341,0.9997894
60073,0.96614134
72932,0.9996456
49925,0.9966396
22074,0.99772555
43548,0.29843044
44468,0.9993598
31077,0.9984591
122487,0.99963987
31107,0.9982298
10510,0.9972982
99392,0.99981934
69468,0.9979546
58911,0.99873143
91240,0.99799585
98052,0.9996797
21433,0.9973356
87768,0.9998758
70288,0.9986123
62140,0.9976399
44458,0.9960283
89984,0.9998332
113165,0.99973863
62514,0.9958475
79285,0.1068408
54256,0.9977291
99191,0.99967074
10258,0.99870837
37280,0.99885464
13280,0.999739
35690,0.99499303
129482,0.87962353
76345,0.99879116
99252,0.99987364
1090,0.29600435
27778,0.98077285
44340,0.99776804
22078,0.9977416
115552,0.9991509
58968,0.9987123
123637,0.999871
47300,0.9082416
65808,0.6989787
31776,0.9985557
109772,0.72754204
49612,0.9998864
26299,0.99918383
114408,0.9997824
5468,0.99985445
94591,0.9993594
106290,0.9998932
31737,0.99768496
44389,0.9968201
122247,0.9997008
35591,0.9975352
91264,0.999845
65212,0.999228
128250,0.9955122
52045,0.6876507
18025,0.9998622
23972,0.95297205
90110,0.9998621
89100,0.9998474
86384,0.028926173
72922,0.99739516
66857,0.99902797
78469,0.9947547
107157,0.9998727
88747,0.9998203
110952,0.99938035
115405,0.66265225
99143,0.99987376
56530,0.9995906
28247,0.99847764
41421,0.99541473
12080,0.9996068
106001,0.99983394
91205,0.9998629
72946,0.99856985
111943,0.99985754
82147,0.99978215
65975,0.7049773
91138,0.99984324
94632,0.9988979
88756,0.9995739
89018,0.31926244
49769,0.9995702
85404,0.999876
21161,0.08885292
117732,0.9998932
85588,0.24146317
76049,0.99924904
4346,0.9993224
88918,0.9998423
109787,0.9997428
73810,0.99988616
34129,0.997026
36360,0.9919452
113291,0.99934083
85292,0.99990153
127270,0.99794227
51277,0.016709184
27314,0.992295
14384,0.99979156
79552,0.99981266
102745,0.9998615
58300,0.9992681
86659,0.9998596
106019,0.999895
69284,0.9987741
43475,0.97898865
92277,0.9995963
69136,0.99972385
35801,0.9947777
13325,0.9996766
32644,0.9964072
54170,0.9997799
28259,0.9983827
14485,0.9997714
71356,0.9978981
31474,0.9977805
129635,0.99684626
59112,0.9980716
109704,0.9987005
129518,0.9857394
88084,0.12487166
67133,0.99957365
44985,0.09389407
35199,0.9990426
97120,0.9979073
36532,0.9966175
20832,0.99774265
21386,0.9974675
127078,0.99971706
97958,0.99933124
19232,0.9998204
66898,0.9992718
5498,0.9998272
76383,0.9996598
1193,0.93692553
5408,0.9998348
32640,0.9975472
36469,0.9974112
116623,0.99987054
69398,0.9950304
7906,0.9979804
8286,0.04782303
7514,0.037139025
32610,0.9986203
69458,0.35590076
38833,0.9972362
23837,0.99710387
82020,0.99986064
84367,0.99987054
8988,0.9974558
44858,0.98445976
5878,0.9978586
117826,0.9998292
110140,0.9988588
20156,0.98895735
47322,0.9974837
16062,0.09584585
44345,0.9970925
68185,0.9985208
68306,0.25846332
88729,0.999848
13390,0.9998659
104902,0.9998449
37297,0.9989656
64586,0.9792322
35759,0.989546
19269,0.9998714
99428,0.99523145
4384,0.9996315
114412,0.9996915
18152,0.9998534
29603,0.99985826
91025,0.99985945
57952,0.718366
8218,0.06515714
44530,0.9992649
102605,0.999806
120782,0.06336995
106106,0.9998455
117829,0.99986136
9793,0.23475097
103808,0.99655956
28238,0.99122447
88945,0.99985266
101549,0.9996959
49840,0.9994831
21361,0.3277281
20146,0.98200524
8292,0.06093052
33386,0.99836904
14393,0.99964654
28437,0.9995415
50810,0.9992749
25938,0.9994605
5848,0.99064004
42675,0.6646955
116376,0.99988174
19315,0.99984515
70482,0.99629503
8102,0.99272114
115463,0.9998585
90224,0.9958984
58984,0.99863106
93242,0.9928416
109565,0.9997999
20769,0.017726574
116668,0.31694195
58165,0.08635878
68039,0.99969876
115326,0.99921346
20452,0.9821827
96700,0.99885464
127231,0.99621934
108371,0.9998142
44265,0.9965327
28246,0.9984763
127410,0.038671527
87767,0.9998512
32531,0.98543084
92289,0.9996704
9722,0.9972716
110852,0.9987991
76354,0.9983608
103937,0.99769825
90103,0.9998392
57733,0.70773256
24550,0.06823736
18858,0.9983847
70626,0.98393905
66928,0.9994698
125908,0.35134652
49700,0.99981195
119920,0.9782808
69494,0.9831079
117580,0.999848
105781,0.027002985
36476,0.9971463
34079,0.9968624
67087,0.9983346
84212,0.9998312
99152,0.9998801
80854,0.9998919
85418,0.9993948
30626,0.999902
17889,0.9998735
37483,0.9985012
89895,0.9998247
76351,0.9986016
5793,0.9979944
66938,0.99846137
53107,0.37440097
2893,0.39454645
5577,0.9987789
56722,0.99949634
89102,0.99988735
43462,0.9957962
129467,0.9856765
28315,0.99970657
68143,0.9995297
69376,0.99271214
30687,0.9998141
83031,0.9997416
16895,0.9998323
59058,0.99802244
44263,0.99681693
3769,0.039071135
26172,0.99883074
19165,0.99979347
10570,0.99536276
67029,0.9862459
127034,0.63176936
112119,0.9998728
76113,0.99961865
66834,0.99962604
41287,0.99685633
92421,0.9995871
28289,0.9996345
25912,0.09526785
103997,0.99334455
72608,0.9996376
85325,0.99986005
43569,0.99263763
5531,0.99944943
115281,0.99927086
50906,0.99940753
67074,0.9975556
125889,0.9998343
80786,0.9998677
22076,0.9970944
69365,0.9989091
39615,0.977806
49795,0.9996132
73906,0.99986196
34203,0.9956571
23887,0.99697
2041,0.997142
28562,0.9990607
72704,0.99986017
23917,0.9842196
101634,0.99966645
114215,0.9998053
5441,0.99972755
106055,0.99985504
14337,0.9998375
84284,0.9998412
45825,0.9558681
41197,0.99669087
89094,0.99983466
106591,0.024221627
76153,0.99957806
85069,0.022438653
103501,0.034557927
70497,0.99128854
118912,0.9998691
54216,0.9998368
59984,0.99963915
115282,0.99984384
43500,0.9982521
76155,0.9998796
59068,0.2814113
33427,0.99764025
29397,0.99985194
56821,0.9990108
76175,0.9990545
16998,0.99986815
71638,0.99666154
13554,0.9985153
5782,0.997405
69207,0.99887985
69236,0.9984642
103906,0.997755
66837,0.99842393
106299,0.9998473
10584,0.9967513
90101,0.99986887
65830,0.7217391
32561,0.996983
117779,0.99965763
115366,0.99933594
103893,0.99855
109706,0.9997451
34133,0.99743646
101693,0.99556667
61273,0.9997739
32546,0.99786925
24166,0.04854376
104863,0.998212
23956,0.99797887
67206,0.99735224
60225,0.998604
26053,0.9990362
109796,0.99938345
85567,0.9990891
8224,0.0331734
16887,0.999721
15538,0.9993012
102100,0.999318
107535,0.9998908
17860,0.9997428
20192,0.9979327
118865,0.99984
91071,0.99984205
81965,0.99986386
127189,0.9966756
71311,0.017564494
17879,0.99969244
41090,0.9971986
36497,0.045520015
121183,0.9987186
108400,0.99989057
29464,0.9998573
106007,0.9998067
37252,0.9977831
114321,0.99986696
62562,0.996738
54355,0.99961096
37218,0.996795
118833,0.99984443
113134,0.99915063
102739,0.9998629
85524,0.70652914
81966,0.99985564
31865,0.085755475
47261,0.42079756
79616,0.9998317
121090,0.99953234
19052,0.9998671
103717,0.99737406
1984,0.997334
72633,0.9998479
47298,0.722928
29740,0.99987316
42006,0.435159
124634,0.99980956
74995,0.9998716
114400,0.99904233
44532,0.9997142
37281,0.998055
117525,0.9999006
125839,0.99973494
91079,0.9987808
75195,0.99983156
99340,0.9998337
85204,0.9987758
47536,0.9058386
39576,0.9911451
975,0.99961144
84249,0.9998572
91225,0.9998338
109484,0.9998141
89937,0.9998454
111901,0.99973494
69208,0.9980457
28512,0.9987907
76173,0.9998369
113107,0.9998754
100401,0.7841497
129620,0.9931718
115766,0.38344187
28427,0.9995546
84138,0.99982256
74085,0.9995215
89910,0.99985087
67127,0.99987626
102886,0.9998894
89402,0.99936897
73994,0.9998497
102325,0.059569627
27427,0.996807
40279,0.034699462
53064,0.99841535
118874,0.9998884
28334,0.9992131
19242,0.494244
86725,0.99981374
54454,0.9961804
100480,0.9998292
86629,0.99986386
68325,0.99872273
79565,0.99984956
82056,0.99978584
44395,0.99680734
83282,0.6808305
111824,0.99976677
97011,0.9998728
118871,0.99986017
47588,0.9495535
66930,0.9975327
118935,0.99987745
87623,0.99979335
96822,0.99968565
18175,0.9997975
115569,0.9996855
34172,0.9972838
63437,0.9995697
58919,0.9990144
19316,0.99982786
19037,0.9997646
117575,0.99981755
122861,0.15523195
2185,0.9968664
34910,0.99916553
56819,0.9997454
52157,0.99931085
189,0.07273867
65729,0.71479183
33336,0.99269354
88916,0.9998734
112113,0.9988519
10667,0.9970431
117617,0.9998834
29747,0.9998287
34147,0.9972915
112070,0.9995372
44425,0.9993698
82898,0.99875486
73900,0.9998939
22150,0.99771273
117730,0.9998111
79796,0.9998747
53157,0.9975618
128065,0.9919487
111764,0.99700147
125522,0.99899274
56727,0.99933225
114322,0.9998369
19224,0.999746
49868,0.9993011
74900,0.99981326
27176,0.99510705
129608,0.9519833
128063,0.9964659
13231,0.99984896
5458,0.99981576
34904,0.99884367
66836,0.9982881
41088,0.99797076
17897,0.9998292
32530,0.9990758
37339,0.99806494
53222,0.9991844
121268,0.99928904
56583,0.9993629
2233,0.9982102
34852,0.9986418
60262,0.9910658
34901,0.9984281
15734,0.99868006
10493,0.9974016
129453,0.9975211
129560,0.9222076
35023,0.9982931
29548,0.99985206
4487,0.99988186
102734,0.48386362
85561,0.9998454
32502,0.9964121
61320,0.9965835
123585,0.99985635
106152,0.9998449
113266,0.9984682
44453,0.9977906
124695,0.99984145
16932,0.99908805
66847,0.99882716
61326,0.97478306
47508,0.9969837
126744,0.9971124
13344,0.9998271
58787,0.99845386
111849,0.99961984
61756,0.9991898
49751,0.99961567
103936,0.99601763
35761,0.992902
25983,0.99985147
98196,0.9972717
44178,0.9986349
89979,0.99986005
85462,0.99987113
27087,0.99351126
5627,0.99977607
90041,0.9992362
109768,0.99974734
36546,0.99650073
62372,0.9942286
14584,0.999091
13535,0.99965096
7832,0.07386327
117326,0.076134
18130,0.99922276
90015,0.999882
37476,0.99878913
101542,0.9999069
113027,0.99974924
4394,0.99961865
40083,0.05142934
103745,0.9983236
91338,0.9998429
118738,0.9998325
929,0.9996331
77365,0.6128891
115369,0.9997874
19060,0.9997392
32552,0.9975478
85445,0.99947435
68037,0.99819297
2200,0.99633116
88809,0.99984026
93268,0.99206007
87905,0.99958056
44328,0.99748
79566,0.99986196
66824,0.09315315
112425,0.06312839
87816,0.99978596
772,0.9998197
117055,0.17106381
117710,0.29111218
112052,0.9996573
44244,0.9997788
72866,0.99773586
121283,0.9998561
54866,0.9989888
128277,0.997122
15690,0.9955967
53123,0.99764615
60179,0.99695635
35968,0.98680717
109761,0.999401
85540,0.99060845
91388,0.9998628
54310,0.99985266
85491,0.99985886
84231,0.99982125
80795,0.9998816
38142,0.026454221
19046,0.9998629
72916,0.41886196
106240,0.9998627
14571,0.9997911
4403,0.99963903
117531,0.99988115
86660,0.9988778
72746,0.99906546
69278,0.9990564
113182,0.99715996
34149,0.9967347
105153,0.9997595
31813,0.9976707
65837,0.7228442
63666,0.99895394
49657,0.99979526
17904,0.9989766
26029,0.99902225
92388,0.9998288
28561,0.99955255
127282,0.9981541
67149,0.99933845
109514,0.9998677
97159,0.9985261
127978,0.99779797
2012,0.996932
16194,0.99931085
91081,0.99985945
111819,0.9990392
43542,0.99923897
69250,0.99813265
44349,0.99728763
65742,0.72131276
16756,0.99983823
108358,0.9998708
45930,0.9437954
108505,0.9990069
31887,0.9992454
44537,0.9969056
113258,0.99982613
53078,0.9965838
129547,0.9820748
107172,0.9998479
23998,0.9957294
112913,0.9992355
53217,0.9977022
29673,0.9998128
99196,0.9997987
47446,0.7166511
103986,0.99574524
44357,0.9968947
67024,0.9987991
91047,0.9998406
49106,0.99915373
89881,0.99983037
128168,0.998052
13271,0.99967074
127959,0.28977057
34232,0.99568
32647,0.9980566
75048,0.9980171
73748,0.99988985
124678,0.9997645
37368,0.9980173
18971,0.9998423
39691,0.9965732
128143,0.9952928
114258,0.99969375
125845,0.9998399
21301,0.99640346
41302,0.9970149
80896,0.9998951
28285,0.99979407
14554,0.9997216
97117,0.99595875
118875,0.9986511
54320,0.9998311
72729,0.9998696
40066,0.9925653
23911,0.9933662
117859,0.999866
108326,0.9997254
107315,0.99985826
77357,0.999902
37390,0.9985744
41073,0.995777
63530,0.99875855
79507,0.9998424
38118,0.024034753
76102,0.6726969
108877,0.32805282
11085,0.9210196
15536,0.99969256
109712,0.99964964
5606,0.9997476
41398,0.99497
110823,0.99980587
80745,0.99984074
10608,0.9963504
44446,0.9972465
33239,0.98697144
47608,0.98274213
84820,0.9995815
68320,0.9623041
8616,0.063615434
79655,0.99984
86668,0.99985147
65690,0.36813214
106013,0.99984825
2290,0.997474
49882,0.9993548
19220,0.99974865
27226,0.98994255
103714,0.9964592
4262,0.99954504
66907,0.9986486
102748,0.99986815
21333,0.99708563
81020,0.9998579
13269,0.9998692
12389,0.9986571
29745,0.99987566
4879,0.257783
120373,0.3670442
98293,0.9990004
16803,0.9998286
76319,0.99678576
64877,0.9936479
92337,0.9999032
72688,0.99859697
89068,0.99985707
59123,0.9984308
89070,0.9998611
66974,0.9984724
72972,0.9991986
76422,0.99864227
114066,0.991869
37400,0.9988613
91377,0.9998211
74046,0.9996339
111905,0.9996793
76071,0.99970716
129634,0.25409067
38900,0.99741346
90053,0.9998807
113205,0.99988973
54321,0.9998273
23739,0.9971438
5683,0.99842083
115790,0.20530272
34238,0.99673766
52023,0.99934024
63533,0.99973804
26034,0.99890184
30933,0.9940819
85615,0.9976603
41152,0.997393
115419,0.9996942
113221,0.9995105
20291,0.9051965
121079,0.9997528
35121,0.020384554
45831,0.9738404
14617,0.99889636
87866,0.4778033
116149,0.041575212
68094,0.9984926
107248,0.99985254
31720,0.9980374
107527,0.99743927
26294,0.9993543
59099,0.93203205
69282,0.99426347
29640,0.9991641
122422,0.99984956
32480,0.99855
85514,0.9978951
128155,0.9941705
67093,0.9987882
12194,0.99943763
42732,0.5341788
19053,0.9998839
111963,0.9998603
112019,0.9979291
67168,0.9980477
43531,0.9969797
90116,0.999871
108309,0.99926704
4407,0.99941874
34897,0.99837816
107234,0.99982846
65734,0.7193313
37432,0.9984505
77774,0.026355946
99239,0.99971825
12965,0.06772894
88526,0.039910007
89884,0.99984515
97064,0.9998449
26190,0.9991904
2112,0.9997596
32570,0.9988588
816,0.9997651
28348,0.99911124
41434,0.9972602
20358,0.82014614
23924,0.98660916
34220,0.99737775
2250,0.9978301
23663,0.99409616
41404,0.9957481
66036,0.7134205
85322,0.9998273
88905,0.99988806
91380,0.9998286
115218,0.99970347
62226,0.9961541
37422,0.9978669
14141,0.0669792
35014,0.99899167
92514,0.99986756
38841,0.99762064
102807,0.99984527
34875,0.99873346
5815,0.9969078
114219,0.99978966
14497,0.99977356
103844,0.9619045
64879,0.99984276
28502,0.99825364
41410,0.9976888
129625,0.9932776
89037,0.9997352
80775,0.99990714
47391,0.8818892
37510,0.9986891
15607,0.9997409
10593,0.99697924
99106,0.9998795
28274,0.9948301
28481,0.9978404
31885,0.9991339
19241,0.9998628
69499,0.9960758
127910,0.9946136
49614,0.99940884
109718,0.99990094
99286,0.99921906
68101,0.99949205
66914,0.99831426
23671,0.99778855
59834,0.9945496
13546,0.9995301
2276,0.998459
106934,0.06555658
5911,0.9899485
108325,0.9993875
65797,0.719955
68103,0.99786466
67000,0.9997379
61379,0.98265487
51969,0.99957806
74896,0.99986434
65889,0.58333826
44136,0.98284125
97985,0.9998876
66961,0.9973525
121179,0.9978775
64549,0.99550664
128195,0.99339986
86513,0.9998996
129556,0.8852354
36164,0.9972389
102833,0.99983525
109632,0.9997603
100355,0.99879116
13349,0.9479704
85630,0.99985874
79835,0.9998565
75099,0.999749
37438,0.9970114
86631,0.9998209
87672,0.99987495
8495,0.99732864
128270,0.9981553
5492,0.999527
63392,0.9827708
13446,0.9997402
84124,0.99986947
112809,0.01651629
2190,0.9980762
42697,0.42403293
93343,0.99979836
20101,0.9881849
13526,0.999752
79848,0.9998541
79572,0.99988365
37564,0.9977704
88850,0.99987817
36447,0.9969717
112067,0.9997987
91958,0.07461066
37318,0.99836236
5804,0.99634427
10552,0.9945767
981,0.9996766
32583,0.9893579
106109,0.9994814
23953,0.9973775
97141,0.99963033
102551,0.99987197
102742,0.9997868
82060,0.9998542
129130,0.04572971
65876,0.53833014
49773,0.99960166
37758,0.07400262
60275,0.9974087
88878,0.9998933
125922,0.99979275
14431,0.9998466
103699,0.9966337
113167,0.99989533
47458,0.997914
8289,0.99524105
41314,0.9940673
5867,0.99557436
72864,0.9941854
96801,0.9996842
109462,0.9998772
31060,0.9981489
30828,0.6722143
45995,0.63828194
41327,0.9971487
58949,0.99923027
62291,0.9968053
87824,0.9997856
106999,0.019860191
5330,0.99806815
67997,0.9998281
96838,0.99962044
44550,0.9973464
25984,0.9988049
99157,0.9998629
105155,0.999861
88957,0.99989533
37288,0.99854964
60602,0.99893373
127802,0.023498148
101490,0.9998661
37498,0.9971601
43472,0.9963743
125366,0.05274665
85566,0.9995153
91597,0.046872504
30444,0.99884087
122197,0.9998658
39610,0.989207
79837,0.999845
34847,0.9981565
2027,0.99707067
44888,0.055058006
63433,0.9936366
124982,0.051253527
31031,0.9976534
43572,0.9937773
34101,0.996393
5694,0.99985087
29547,0.9997981
12091,0.9989631
91397,0.9998455
56669,0.9998273
41322,0.99784315
22115,0.99791795
41239,0.9968773
66877,0.99776566
21827,0.9994041
49708,0.9998282
4385,0.9996804
61221,0.99896514
65740,0.72167647
61370,0.45126882
106354,0.9997874
63678,0.99943084
29420,0.99987876
111903,0.9998348
34150,0.99680966
5776,0.9953655
97105,0.9997415
30918,0.99891114
29135,0.90935636
53347,0.99741083
35688,0.98985785
87757,0.36122847
65984,0.62232876
34960,0.9988951
65872,0.6868618
113163,0.9997757
13266,0.9996432
31658,0.9977952
99297,0.9998398
45782,0.9565628
107241,0.99983394
111822,0.99961925
88142,0.04626255
35672,0.9969439
26057,0.9996767
128190,0.9938169
18084,0.99981683
107335,0.9998449
89925,0.9998956
29432,0.9998085
84482,0.9998615
84182,0.99982065
69419,0.9985285
88838,0.9998093
59922,0.98902553
41310,0.9976463
49785,0.99950397
72811,0.99881893
68230,0.9998241
39404,0.014650398
107503,0.9998902
55322,0.9998411
49874,0.22144382
1389,0.06472882
74081,0.99989057
98002,0.9966709
82165,0.99987566
37359,0.9976184
97999,0.9992545
96995,0.9997986
7636,0.18406329
79701,0.999871
89917,0.9998379
26173,0.9982344
49005,0.106294565
88896,0.9985001
84224,0.99984825
13239,0.9998592
80869,0.9998766
25090,0.9868998
37355,0.99764556
10566,0.9967513
22161,0.9935736
81906,0.9998258
91325,0.99856573
49602,0.99982494
128049,0.9979085
129586,0.9941723
106064,0.9998018
28258,0.9995442
96973,0.26767063
35772,0.061642665
55475,0.99981755
85337,0.99987686
54418,0.99978775
14429,0.9996202
95885,0.9995097
45802,0.9973738
322,0.99403894
32651,0.051324934
41293,0.9974401
80263,0.36883312
47577,0.99767274
75632,0.066501305
37375,0.9981608
129514,0.99725217
933,0.3696141
116523,0.99983656
61416,0.99864
76111,0.9997683
37409,0.99563485
39667,0.99563015
124756,0.70851105
128056,0.9959133
55634,0.7179129
124598,0.3781113
37558,0.99712914
66440,0.9490245
41183,0.99743193
4534,0.99846363
47312,0.99688405
36520,0.99603707
127683,0.9988856
85306,0.9997687
96849,0.9997148
53158,0.99826044
54710,0.11584918
127206,0.9980221
43581,0.9959741
24322,0.99218494
43483,0.99675983
14715,0.9974477
93424,0.99886143
49749,0.9993507
78371,0.99974436
63425,0.9970667
68085,0.9986325
76094,0.9997732
85426,0.999871
35703,0.99731284
56535,0.998635
37276,0.9983835
29734,0.99987483
82983,0.99985445
109564,0.9998785
54506,0.9998585
82011,0.99987006
103812,0.9973616
36101,0.062009607
31861,0.0670539
129461,0.989251
35788,0.99584526
91132,0.9997819
37895,0.08509988
2073,0.9973425
26018,0.99985063
33948,0.008990033
96860,0.9996239
82964,0.99976677
115325,0.99873203
53010,0.99820733
73856,0.999841
38726,0.9971836
79852,0.9998934
94816,0.99979717
33307,0.9927423
43508,0.94644564
29543,0.9998739
70484,0.9956937
65980,0.7257597
109809,0.99981195
106167,0.99983203
69505,0.9988267
92858,0.9974611
80956,0.76586527
4159,0.05302757
107403,0.9998708
97466,0.9992417
45783,0.9670313
84129,0.9998098
127996,0.99662197
7710,0.99710137
44323,0.9980317
76058,0.96653396
49850,0.34424463
67988,0.9980015
23715,0.9958638
20151,0.9717595
72926,0.9996251
61335,0.99423355
22733,0.013781824
8812,0.009070244
66017,0.70676345
58933,0.29566678
79595,0.999887
8918,0.9975067
125906,0.7087278
123280,0.9998503
14693,0.9987196
43415,0.9966042
83313,0.9997683
18039,0.9990534
118925,0.99955803
82119,0.99980944
113017,0.99988556
96205,0.051003247
29415,0.9996125
69474,0.99867576
85568,0.9998436
45965,0.9962101
116664,0.9998673
45723,0.99817264
71734,0.9982553
15655,0.99783903
21631,0.9983845
76233,0.9986979
14667,0.9995011
29628,0.9997943
69265,0.9978119
55312,0.9998017
97116,0.9991277
41443,0.9977763
4404,0.99977237
115233,0.99986017
18162,0.99990094
17804,0.9988643
5557,0.29704443
34952,0.9993536
55414,0.71940845
7465,0.9981559
127990,0.99552333
36544,0.99672616
129498,0.9920676
41230,0.99720806
69074,0.997834
31807,0.061886463
97129,0.99974805
108986,0.99943334
7777,0.33852968
61077,0.9950955
116577,0.99984753
17916,0.99990034
74964,0.99974674
111899,0.9996785
38748,0.99820256
91373,0.999861
80647,0.028668627
24298,0.99285394
25068,0.9860124
12376,0.9991375
58930,0.99990773
86579,0.9986137
52017,0.99941945
34243,0.99736327
110802,0.9998196
97946,0.99987566
63436,0.9955384
44421,0.9995141
85443,0.9996662
82057,0.99915326
112080,0.9998271
62439,0.9951298
69384,0.99962866
37295,0.9979679
37551,0.9982461
107304,0.9998903
107312,0.9998104
29158,0.049802855
14610,0.9992642
18131,0.9997167
86617,0.99984324
79676,0.999876
29715,0.99987257
91217,0.9998331
12760,0.086211726
92884,0.99612916
84361,0.9995691
91194,0.99988985
111909,0.9984524
65880,0.7111796
88943,0.999851
113014,0.9998405
51914,0.9994948
28397,0.9996425
23782,0.07314608
127194,0.99449325
66048,0.7111099
44236,0.9956988
17847,0.9998995
112914,0.9997602
106165,0.22499856
28546,0.21344654
128208,0.9973411
47347,0.9888037
42390,0.018155776
76116,0.9998109
76365,0.99985623
91324,0.40056694
96865,0.99971896
93134,0.019878289
20440,0.97767717
86775,0.99981385
56512,0.9995468
16653,0.9995844
50756,0.99980336
60751,0.042832263
28251,0.9983847
117672,0.99982184
123332,0.9999099
69149,0.9990734
105109,0.99985456
22170,0.9976809
75106,0.99981624
88800,0.9998424
76251,0.9989587
61422,0.9617866
58783,0.9977951
42803,0.944953
9101,0.997472
37469,0.99854726
117633,0.9998909
74901,0.9998566
32494,0.9984162
16945,0.99987483
99102,0.9998678
76154,0.99988675
18954,0.9997985
72148,0.9990476
49760,0.87682605
92185,0.99989974
50867,0.9995301
121080,0.9934708
67167,0.99971217
107305,0.99988234
58768,0.9988279
75152,0.99983156
123493,0.99984074
128746,0.87596107
18043,0.999739
23976,0.9953101
125824,0.9997763
114369,0.9998092
109499,0.9998709
37350,0.08511329
38800,0.99776495
62287,0.9983778
107160,0.9998374
122439,0.9997435
69275,0.99845433
14495,0.9997476
69361,0.9990808
65847,0.71914893
102843,0.9998517
82019,0.9998497
44261,0.9975401
10556,0.9953648
61312,0.9947277
70480,0.9976515
30599,0.9998888
79508,0.9998894
43398,0.99861145
53172,0.9979412
76322,0.9990859
73550,0.06733633
37205,0.9973476
87904,0.99957806
105184,0.9998609
27091,0.99779874
62343,0.9899278
47597,0.96857107
85576,0.9993948
84116,0.9954216
121317,0.9998167
89930,0.9998597
84407,0.999511
88919,0.9998047
117727,0.9998073
16759,0.99977607
109745,0.9918324
75108,0.99988306
30824,0.9999019
111676,0.99630654
41438,0.99630487
34120,0.99738723
39674,0.049434163
19029,0.9997265
34103,0.9978994
47551,0.8798479
103902,0.977422
118922,0.9998672
116670,0.99984026
53059,0.99641186
49639,0.99981445
28554,0.99927896
5581,0.30699646
116661,0.9998103
91086,0.9998747
89077,0.99976844
113269,0.9996086
34061,0.99670804
59025,0.99871016
69421,0.998803
129929,0.16391686
94641,0.9984847
68089,0.9980545
20341,0.7280607
113485,0.042687263
90167,0.99986136
96864,0.99963164
93664,0.98805875
7440,0.029436627
5692,0.3075848
121221,0.99511343
112009,0.99971753
1315,0.8428357
106160,0.99987185
19016,0.9997471
59341,0.027160574
79619,0.9998481
16936,0.9989562
9720,0.688552
117528,0.9993748
14477,0.9997222
54361,0.9998293
10588,0.9974058
32591,0.9981772
7507,0.99861217
114421,0.994155
46052,0.9949722
86000,0.29240674
76412,0.99967253
76732,0.9996369
113093,0.9998697
79809,0.9998883
89975,0.9999064
108452,0.99980885
102853,0.99988925
96866,0.99651414
37187,0.99774337
121323,0.9952506
37436,0.9979405
106119,0.9997229
88959,0.9998429
72975,0.9990326
97161,0.99980146
80708,0.9998827
65832,0.6982518
35395,0.99904186
7385,0.99660057
77256,0.99990416
112963,0.9998927
18984,0.9998642
76393,0.999843
23686,0.9970138
89971,0.99990547
13541,0.9998024
109523,0.99986005
49806,0.99967206
117677,0.99984455
13144,0.03650538
98273,0.99451256
68055,0.9993094
45822,0.99733835
29695,0.9998512
53363,0.99790263
13498,0.99977964
114312,0.9974975
52069,0.99961036
59078,0.997563
2223,0.9960685
22230,0.99780184
69309,0.9892146
9702,0.99752134
36508,0.9972519
5403,0.9997646
118069,0.16974893
23914,0.050270405
65727,0.7124722
79763,0.99988914
91283,0.999845
102898,0.99987257
127306,0.9960239
88910,0.16479275
38526,0.01481951
107522,0.9998852
128160,0.99810636
58781,0.9986382
29616,0.99984384
13229,0.9998191
42756,0.265735
130125,0.015112263
115364,0.99858224
69189,0.99660385
128263,0.99072975
10520,0.9927249
99201,0.9998864
121658,0.9989017
20155,0.97152203
41294,0.99814224
112049,0.99985576
63438,0.99682045
68093,0.9997801
43517,0.9970439
108465,0.9998733
39602,0.9944253
72817,0.99544275
102792,0.9998067
58890,0.9992416
20260,0.73060405
549,0.055691343
118689,0.9998349
92338,0.99983966
123299,0.030085523
125116,0.99954635
118784,0.9998462
5635,0.9984723
8234,0.9985669
104961,0.99986935
63727,0.9996258
112045,0.9983564
59940,0.98798335
14598,0.9992199
106350,0.9998115
29590,0.9998498
789,0.99965847
14359,0.9997898
37242,0.9978783
81926,0.99981266
88802,0.9998547
85509,0.9998405
31787,0.9974607
29502,0.9998783
113132,0.998938
102788,0.99981445
4259,0.99985623
54165,0.99985063
71380,0.9984896
103957,0.9944385
72841,0.9997174
74917,0.99986196
89880,0.9992182
51912,0.99984264
97998,0.9998939
2509,0.05951134
61428,0.99736315
13429,0.9996712
98143,0.99973506
128074,0.92922276
19153,0.9998803
124372,0.9984024
22100,0.9976972
34188,0.99677736
49904,0.9993057
84465,0.99983263
93389,0.9896975
85635,0.99978155
23996,0.9477746
47291,0.99664307
117530,0.99984753
125789,0.99980825
79803,0.999892
116285,0.032768425
35005,0.99893135
115522,0.99953187
67073,0.9995159
41086,0.9960336
95186,0.9989629
44540,0.99537814
66876,0.99890196
2139,0.9958775
35783,0.9965328
112089,0.9993024
53296,0.997877
72532,0.99871504
49887,0.99984
118820,0.9925679
52202,0.9996892
109586,0.99962664
69497,0.99770254
127995,0.9963897
94488,0.99972636
109698,0.9997615
20359,0.61724627
29618,0.99986935
104911,0.99989784
12146,0.9989579
127215,0.9970151
47362,0.9986078
27360,0.995619
127999,0.26734537
44533,0.9993899
69216,0.9987847
51925,0.9997876
85626,0.9974136
118690,0.99982685
116369,0.9998265
49466,0.9982014
26234,0.9993261
50752,0.99861133
92291,0.99989855
122184,0.9998636
127202,0.99719256
69359,0.9986546
34889,0.9981432
102890,0.9997738
85278,0.9997745
102754,0.99976295
76190,0.9998167
127151,0.86856467
13247,0.99987817
127251,0.99810874
1441,0.047570996
28751,0.57504326
45828,0.61093074
14469,0.99854445
110954,0.99788254
102484,0.99869823
118453,0.07665634
4593,0.9987901
117585,0.9998568
47364,0.88690054
14381,0.99962175
99330,0.9998252
116563,0.9998723
34951,0.9985251
88826,0.9998776
42701,0.3592125
69448,0.99440694
104035,0.99666387
95926,0.9931243
36566,0.99683124
37319,0.9952585
85453,0.44089687
67203,0.99939585
42140,0.9989237
56619,0.998941
70927,0.09028824
89958,0.999881
124495,0.9998449
123988,0.9990096
82196,0.09879908
118868,0.9998287
76417,0.99870515
26271,0.9994979
110524,0.9973579
41113,0.9969015
27372,0.6285148
104946,0.9998381
99111,0.99986315
84180,0.9998894
85419,0.9998585
60224,0.91201377
36420,0.9969386
13332,0.99971074
41220,0.9965475
40353,0.993547
113869,0.07510567
60135,0.9772456
111772,0.9998454
54215,0.9928878
98291,0.99959713
14709,0.9990447
78465,0.9994667
103846,0.99802184
50913,0.99976057
23659,0.9891048
26016,0.9991788
55613,0.70810974
44248,0.9975362
22183,0.9968982
92515,0.99987996
44526,0.99874336
128262,0.9941043
116669,0.9997552
23828,0.9943995
67043,0.9987117
116615,0.9998721
89654,0.060572855
34202,0.99574053
115518,0.99979585
10616,0.9974789
36492,0.9950594
128161,0.9897029
15492,0.99985254
119022,0.99977225
72939,0.9997092
39887,0.027037704
14565,0.99964666
43399,0.9956594
19240,0.99982893
103853,0.9985073
108509,0.99873525
67150,0.9997336
39660,0.13814634
115765,0.26091227
5405,0.998643
37354,0.9976585
20965,0.10887552
34221,0.99738175
127314,0.9961365
10181,0.05177133
52050,0.999537
66023,0.71466625
55383,0.9996737
29741,0.9998833
23907,0.99659073
44215,0.9968586
1833,0.034221973
38778,0.99627906
76597,0.355731
23631,0.99565977
69288,0.99904865
97069,0.99975413
74905,0.999843
19167,0.9993474
92477,0.9998802
74954,0.99984956
13188,0.99985087
127181,0.9978561
72969,0.9998535
1324,0.98814386
44308,0.9967451
77221,0.99980015
67122,0.99850744
1992,0.9962251
41315,0.9976814
97004,0.99986863
59975,0.9932975
26194,0.9993799
114748,0.9992919
102794,0.9997286
19195,0.99985003
109527,0.9998568
20253,0.85698223
42524,0.9920581
68148,0.99858296
62487,0.99492574
23861,0.9976981
115321,0.99910647
22056,0.99668676
33309,0.9983662
69166,0.9986834
8981,0.9966736
14690,0.99891794
37489,0.99869627
127198,0.99680376
16750,0.9998241
58870,0.9997969
103807,0.99791855
106975,0.010215257
103795,0.9982809
117532,0.99987626
88991,0.9959448
27093,0.9966697
44491,0.99806505
124739,0.999572
19211,0.9997445
90070,0.9999025
76284,0.9979784
107457,0.9960633
99109,0.99981886
65701,0.7128012
115467,0.99937564
107267,0.99985087
41411,0.9982153
4813,0.09921105
75445,0.0834975
81827,0.99959284
69242,0.99811304
81362,0.99943525
45922,0.18418193
76280,0.9907261
116529,0.99991
123629,0.99975353
80885,0.9998642
104032,0.9967116
67158,0.99624205
15605,0.9995192
91136,0.99986136
125699,0.9998172
60367,0.04708608
76408,0.99969614
14645,0.9987696
114327,0.99871933
78567,0.99971455
18116,0.70217836
45242,0.9830756
49771,0.9996315
109811,0.9998758
26161,0.9995901
61135,0.9667705
94593,0.99978083
121081,0.9991689
71542,0.99817896
31082,0.09792119
66994,0.9998292
34142,0.4509946
14527,0.999537
122426,0.5066898
20357,0.54937285
88819,0.99979764
53301,0.90642136
44441,0.99696106
42009,0.16504642
81921,0.9997644
71778,0.99989915
69441,0.99890935
127262,0.9966097
79559,0.9993205
37452,0.9986186
96918,0.9994991
84421,0.9998286
111292,0.9985514
4444,0.9999238
29416,0.99956757
73795,0.99988675
9696,0.9968393
93518,0.49193215
92434,0.9998679
112000,0.9996456
92365,0.253888
29458,0.9998877
61143,0.9963368
2089,0.99776876
77269,0.9998894
66888,0.9988562
9841,0.9963625
16749,0.9984871
13528,0.99926513
49819,0.9996612
17998,0.998825
96851,0.9989936
26042,0.99937576
55250,0.99867094
76131,0.9995622
41372,0.12870345
36421,0.9972089
89967,0.9998512
86772,0.9993344
7435,0.99270564
121092,0.998679
14454,0.9998373
85427,0.99982005
54213,0.9998617
13486,0.99976295
5493,0.9997081
102738,0.9996153
37299,0.9988166
52205,0.99170905
88869,0.99982494
5402,0.99985325
28774,0.53999376
41139,0.9977791
78502,0.98407817
16901,0.9992248
124680,0.99975675
116419,0.9998901
44411,0.9966576
37433,0.99792874
23689,0.99752206
27287,0.9931987
34059,0.99700505
126797,0.9980261
13491,0.9998024
53356,0.9984132
22148,0.23214293
61267,0.9864763
103706,0.9972856
90059,0.9998305
80981,0.99990165
32618,0.998601
127938,0.9976254
101584,0.9998325
51059,0.99952984
10381,0.021906924
107318,0.6871109
12581,0.19844966
99432,0.9989405
103636,0.9977634
34945,0.9982804
29575,0.9998223
41439,0.99803966
69370,0.9971545
110704,0.9996081
114313,0.99932456
95878,0.9979298
41173,0.9975904
128181,0.99592966
76364,0.2917799
129632,0.73977333
78158,0.01360906
112096,0.999318
29751,0.9998572
7304,0.07846212
29520,0.99981433
26015,0.9975049
109648,0.9996045
66030,0.67787945
39569,0.9966312
19226,0.999803
70530,0.99611473
10185,0.024036046
56579,0.9994628
28533,0.99916947
10889,0.05208111
60164,0.99700433
114371,0.9997203
59059,0.99440765
20308,0.94120014
33410,0.99853325
41106,0.99700433
53250,0.99618703
115216,0.99862576
64724,0.99856526
127309,0.14960974
84262,0.99981755
56671,0.9997683
5834,0.99731016
67085,0.9985489
72620,0.99908733
31070,0.097872175
50919,0.9996257
34123,0.99657154
68239,0.998139
86531,0.9998054
20298,0.99494827
15584,0.9991235
128286,0.98910797
85546,0.9998282
102847,0.9998161
39595,0.9967055
76396,0.9995086
28582,0.99988794
103809,0.998892
15601,0.9988397
67039,0.9990802
26077,0.9997919
49886,0.99974686
85460,0.99984086
124632,0.9997676
124785,0.9997371
32496,0.99730694
77507,0.99984217
47270,0.9002673
91169,0.9998628
98006,0.9996346
62429,0.9757776
96879,0.9989384
69253,0.9960651
113038,0.99982786
17995,0.9995728
107308,0.9998838
37347,0.9985966
43474,0.989007
99350,0.9998264
17989,0.99981946
79710,0.999848
97013,0.99975806
29399,0.9998535
116469,0.99987376
62431,0.9983479
127297,0.99808013
88902,0.9998066
78546,0.94486004
120984,0.9997837
68041,0.9987783
22071,0.99828404
99447,0.9998665
34161,0.9965463
99236,0.9999012
18055,0.9998739
46072,0.7961902
70584,0.99844605
23712,0.99783796
26170,0.9977192
89082,0.9998123
21224,0.99836284
13293,0.9998301
69473,0.8855375
2618,0.997246
65989,0.715007
51967,0.99965453
37734,0.04996906
108614,0.99966335
38781,0.9974492
94722,0.99975175
9989,0.029404677
31822,0.9950611
10693,0.0393029
2069,0.996855
108404,0.99949074
102601,0.9996948
9088,0.99747133
125138,0.9990089
21753,0.18150885
4387,0.999757
127998,0.99834013
22145,0.02987511
64883,0.99862695
47395,0.99831855
17986,0.99871385
35709,0.026034944
79716,0.9998846
1171,0.77763623
85271,0.99985695
76243,0.99956983
17813,0.9998148
71695,0.9989604
85310,0.9997656
15682,0.99951744
34794,0.9963154
97128,0.9994197
72764,0.99912566
41147,0.99826044
1947,0.9969984
37251,0.99807274
88929,0.9919293
109461,0.99986696
61315,0.99406487
115312,0.9987935
79754,0.9995159
28556,0.99888176
93576,0.9987078
72898,0.99540484
106117,0.99984765
74951,0.99986875
23774,0.9965905
98054,0.9978968
34961,0.99918574
41303,0.9983187
112983,0.9998989
72652,0.99758863
124726,0.97120756
115516,0.6654129
109780,0.7177522
67199,0.9972682
76138,0.99891543
23786,0.99554944
37303,0.9982981
5514,0.9996427
77494,0.9995123
98246,0.999775
18474,0.99910176
107383,0.99984694
1993,0.99726474
19259,0.9998869
51956,0.9996413
37385,0.9977495
111922,0.99968123
73166,0.22570635
55379,0.99987555
62337,0.98666245
116417,0.99990916
27366,0.9925344
78157,0.009875761
107406,0.9999012
19222,0.9998338
34857,0.99887747
28296,0.9989248
67030,0.99853146
86664,0.98270124
87827,0.9998516
89877,0.99989796
116558,0.28437522
85324,0.9998043
26604,0.99928266
9866,0.13337241
66958,0.99953425
94837,0.9997305
101941,0.07738809
2084,0.9944195
83671,0.3404922
45626,0.9006056
36569,0.99713635
93589,0.9996269
76165,0.9998759
115021,0.07274554
95826,0.9967656
106256,0.99986625
118980,0.9998456
123539,0.9998363
12237,0.9997379
72611,0.9974663
116677,0.9998449
73279,0.18737683
67147,0.99702376
108413,0.9997968
69234,0.9993374
126266,0.9997279
91219,0.9998584
96806,0.99985445
34534,0.8003645
82150,0.9998939
34111,0.9962739
121166,0.24683769
5452,0.9995474
89002,0.9998628
28401,0.99973816
16660,0.99899
787,0.99918467
95684,0.99844307
36487,0.99807656
1983,0.9980369
60177,0.99936765
127133,0.9964148
112927,0.99960595
109518,0.99985707
37499,0.99826485
112143,0.9992706
4946,0.99858296
31868,0.9976405
36374,0.9965963
21296,0.9972734
2196,0.99766856
43533,0.99727637
112933,0.9998621
60261,0.98235786
51661,0.020753656
23884,0.998052
82490,0.9992036
112120,0.998735
14453,0.9997255
22172,0.99717796
78410,0.9998275
97023,0.99978834
115421,0.9992248
4537,0.99873394
61079,0.9975048
103900,0.9977569
28410,0.9989297
55381,0.9997899
37296,0.9956026
32500,0.99702966
83127,0.99986017
102658,0.999826
74678,0.07503541
96800,0.99972147
45826,0.35387546
81746,0.9984419
106050,0.9994548
49660,0.99965227
128260,0.12014676
9012,0.99642783
90192,0.99984145
37302,0.99807656
106311,0.99955064
116629,0.9998462
127987,0.99681205
10630,0.99429613
25066,0.97905934
28409,0.99968684
54266,0.9995896
105190,0.99984205
83600,0.022488767
18112,0.99968755
40972,0.015436867
127179,0.9977538
38279,0.07843141
79520,0.99989295
111986,0.99986744
45928,0.20336284
6381,0.031227946
79813,0.9998785
39593,0.9961146
85522,0.99986744
76400,0.9995925
76127,0.99984455
76385,0.99959797
107355,0.7191038
42634,0.62946856
103938,0.9962475
24706,0.9970638
80871,0.99990165
65810,0.7215856
80188,0.9996087
58903,0.99970704
72691,0.9998535
98183,0.999408
85184,0.23108079
75218,0.7248141
92487,0.9998764
49814,0.9991441
128128,0.9964631
92469,0.99987507
105055,0.99979955
58977,0.9977319
102350,0.022752257
86677,0.9930648
44369,0.99816316
45919,0.99731654
69298,0.99887234
49914,0.9994772
103911,0.99883527
68240,0.99690396
22063,0.99533445
42393,0.05169472
16793,0.99990296
69486,0.99825126
73992,0.99985635
84448,0.9998029
94728,0.9992467
37266,0.99704427
49933,0.9986482
65923,0.7101373
16706,0.9998611
91186,0.9998628
94829,0.99979633
61373,0.99909735
19006,0.99948126
41241,0.9928443
34206,0.0933032
83984,0.056902386
41622,0.069742486
23709,0.9977641
47507,0.57347625
8160,0.9946996
43744,0.9881052
93652,0.37175235
35394,0.9988715
12052,0.9997507
76301,0.9998785
20355,0.33147895
49808,0.9995635
127932,0.99733114
106201,0.9997011
47266,0.99826765
113082,0.99906176
87727,0.9988042
101511,0.9998281
88977,0.99987185
128055,0.99586993
5435,0.9992925
36400,0.995001
34167,0.9972831
45993,0.35215634
45727,0.99728584
28411,0.99977404
66917,0.9988759
76253,0.9997322
34730,0.019272003
118837,0.32747877
76086,0.9999068
89069,0.99981135
123830,0.025154954
89932,0.997735
82066,0.9998337
54225,0.9998548
71764,0.70305383
99442,0.99944645
37486,0.9987225
37328,0.9988192
44423,0.9993291
95799,0.9995969
34903,0.9973916
18974,0.99969757
41357,0.99656564
93626,0.3886079
15841,0.99732333
25946,0.9991196
61375,0.99960726
118882,0.99989045
71503,0.9992536
128008,0.9968129
94493,0.9997882
6914,0.9956638
79749,0.9997044
43520,0.99830097
84171,0.9998839
14340,0.99987364
73950,0.9993179
128227,0.99689263
74949,0.9998729
115314,0.99889463
112017,0.99941754
38750,0.99553454
83126,0.7176582
122326,0.999067
34064,0.996714
113216,0.99888426
58965,0.9983375
37371,0.99855894
28457,0.9995246
77442,0.99960274
85465,0.9998642
69203,0.99929667
79850,0.999881
13431,0.99968636
64685,0.99733895
62424,0.973332
783,0.99949527
84142,0.9998524
101540,0.99985135
5725,0.9984347
125826,0.9997917
84304,0.9998184
25528,0.1443943
78369,0.99987435
96965,0.9998559
29571,0.999905
64591,0.999079
76374,0.9980829
61127,0.9960806
1585,0.07123111
116625,0.99988306
96856,0.9998024
28530,0.999645
67991,0.9981572
109797,0.99988925
1979,0.996881
85642,0.99950874
9887,0.9967631
104047,0.9987809
79854,0.99956256
33360,0.03529608
16711,0.9929224
77354,0.9998671
7110,0.997079
4305,0.9996226
98272,0.9998424
29468,0.999892
29661,0.9998596
24300,0.9923455
128169,0.9969825
41455,0.99803215
95974,0.9972529
49821,0.9998909
37466,0.9968545
14536,0.9993338
49567,0.9993131
109630,0.9997254
5733,0.9997912
23938,0.046292644
76315,0.9996294
23875,0.99774146
59342,0.03119987
41098,0.99627644
10661,0.99484503
10619,0.99294394
61080,0.9945556
28500,0.99895775
59008,0.996329
47404,0.99764544
98150,0.9997899
32558,0.9976846
44601,0.0685756
75189,0.99974555
45972,0.4300568
109770,0.9997626
12042,0.9999242
16578,0.9977837
115900,0.999585
89998,0.99989414
55517,0.9989303
111882,0.9989471
45997,0.99623126
121141,0.28939316
46066,0.9351517
18007,0.9997589
87482,0.99906605
79751,0.99980754
10663,0.99799806
81856,0.999833
44272,0.9988734
61229,0.9985984
60125,0.9874213
101442,0.6527718
41140,0.998278
126849,0.99791485
91177,0.99983275
23869,0.9958787
99347,0.9994435
45775,0.71716493
5410,0.99946314
56773,0.9998448
68138,0.9996735
86760,0.99989283
52063,0.9992993
23634,0.9685639
88847,0.9998441
43570,0.99519324
115460,0.99900717
1988,0.99748284
107245,0.99987066
49562,0.9995473
90031,0.99981016
97988,0.9992956
92187,0.99983454
70353,0.99700683
29559,0.9998616
43289,0.02491745
70342,0.99951077
120916,0.9966474
65682,0.7160839
103941,0.9976707
21557,0.015974248
41384,0.99686486
104020,0.4046849
100353,0.99986243
84478,0.999853
4245,0.9992367
26256,0.99899584
98234,0.6583692
8260,0.9960961
98039,0.9998679
65596,0.99835324
103759,0.99918026
16839,0.99973994
109399,0.054240357
69140,0.99950147
2234,0.0817704
116284,0.998706
28558,0.9996238
68035,0.9990318
26030,0.9994941
127298,0.9968125
6577,0.99593616
5443,0.99969554
75062,0.49346483
112139,0.99964714
96971,0.99918276
69263,0.9988373
23899,0.9955094
34227,0.9955455
8247,0.9966419
87726,0.9998704
32653,0.99794847
97133,0.9996623
13520,0.9997323
85489,0.9999051
92471,0.99986064
103252,0.9716358
2288,0.9967289
72593,0.99955684
127905,0.9879921
89081,0.9954905
128244,0.99442935
28344,0.9995029
44254,0.99642366
58971,0.9781924
106051,0.9998233
41092,0.9975158
114231,0.9998348
79820,0.9980318
88995,0.99986005
8169,0.98879004
113036,0.9989887
34943,0.9985812
36693,0.036270935
110030,0.041935425
115458,0.99914086
34170,0.9966761
127609,0.3088794
87870,0.9998772
80919,0.9998319
38905,0.9716925
75146,0.9998658
41082,0.9964341
89033,0.99988496
26073,0.9986355
102557,0.9998331
85457,0.999824
113170,0.99820316
28547,0.99974126
76200,0.99982774
127134,0.9981365
59450,0.99728394
33364,0.9995695
104900,0.9998498
93482,0.9995937
118680,0.99985075
91143,0.9993037
65883,0.7054083
76189,0.99875
79665,0.9997173
53164,0.99863154
107263,0.99987733
15507,0.9981976
115521,0.998431
79628,0.9998858
23810,0.99711275
65737,0.7139971
108405,0.99978894
69378,0.9998932
54404,0.9997961
81000,0.9992949
33752,0.088769555
68142,0.9983638
111773,0.99892634
96951,0.9998305
84800,0.08007701
117542,0.9998697
49683,0.9990528
90054,0.9998616
97146,0.9998136
60032,0.9930091
58811,0.9956327
85299,0.9998702
28436,0.9988142
32534,0.998892
19104,0.99984753
35786,0.039270308
58839,0.9956255
75829,0.055430476
88980,0.9998203
17846,0.9997507
80660,0.99984217
108304,0.99968994
15597,0.99961495
58794,0.9993001
52209,0.99962926
34948,0.99878234
108643,0.99981874
84417,0.99970394
66027,0.71346086
78541,0.41012695
115229,0.9991404
102741,0.9998653
89013,0.9998543
99440,0.9988599
39012,0.035577063
8197,0.9954835
10559,0.99717355
96927,0.9973175
5754,0.9971028
67107,0.9987214
9811,0.99695325
85505,0.9998865
4294,0.9996339
76316,0.99967
16758,0.9998591
19088,0.999869
56714,0.99869114
53058,0.999079
75197,0.9998454
27239,0.98694384
101413,0.99986446
96844,0.9994735
96904,0.9977749
19294,0.99988174
89031,0.99544585
99383,0.99987197
113119,0.99986386
62416,0.99710923
56674,0.9988153
67192,0.9959065
84153,0.9998623
98151,0.99952996
112004,0.9982222
103885,0.62282526
108401,0.99982846
104005,0.99851674
17824,0.99985635
16805,0.16293056
92275,0.99937135
109685,0.9990006
114002,0.9984397
3026,0.9971342
29498,0.99972516
4401,0.99955755
34139,0.99734086
20247,0.96408117
70996,0.9987197
10551,0.9963122
29376,0.9998173
20147,0.99131435
32611,0.9988385
31055,0.9979068
81863,0.9999113
113193,0.99908984
37322,0.99708146
32668,0.9987098
96316,0.99869484
37428,0.9983405
79720,0.9998647
87590,0.9997423
124530,0.99987507
16736,0.9998934
13304,0.9994474
34862,0.9984465
30964,0.99819356
84454,0.99982506
12055,0.9995468
112122,0.9996731
26296,0.99817765
128100,0.99639195
84194,0.99985695
49836,0.9993674
26146,0.9992093
76212,0.99986935
59968,0.99986386
29542,0.4370254
114352,0.99932265
75010,0.9998586
114353,0.9983912
19172,0.99983203
44302,0.997451
13336,0.999853
92241,0.99989855
1637,0.038059898
25980,0.9988404
86519,0.9998109
68132,0.99665326
37540,0.9974137
17949,0.9998946
44196,0.99971944
65963,0.71622515
33232,0.031991728
2080,0.9965905
99292,0.99987566
7374,0.9974178
88823,0.99989593
104049,0.9973916
120560,0.17445849
45971,0.42134422
93338,0.999746
96874,0.9974591
78542,0.27536696
34241,0.99699223
3002,0.99859136
80804,0.9998909
68343,0.9972083
124214,0.06614342
76193,0.9998005
34966,0.99933535
88921,0.9999007
72680,0.99847597
53350,0.99791926
37408,0.9976673
128234,0.99751437
28575,0.9980307
109795,0.9998945
99198,0.9998597
20573,0.38702324
127277,0.9936672
19090,0.9997718
107345,0.99928504
112043,0.99959296
31846,0.8688974
74999,0.9998386
88250,0.9994241
29448,0.9998054
103117,0.035257585
72951,0.99953675
67193,0.9956982
44223,0.9964814
77500,0.5318147
71686,0.9995695
84428,0.9998437
86678,0.9996954
65804,0.71898735
63618,0.9986297
88898,0.9998412
60167,0.9967404
34198,0.99798393
103904,0.99883896
111818,0.99968576
117589,0.9998727
68044,0.99918514
45924,0.5298804
38502,0.012122059
40384,0.045516558
36490,0.9965417
83258,0.5620694
128243,0.995861
33036,0.31794
107209,0.999861
82514,0.99949646
96831,0.9983032
120799,0.038238764
80699,0.9998272
69286,0.9996922
63950,0.069385245
50863,0.9993319
58886,0.9973271
38889,0.99384624
36565,0.9965334
79860,0.99987686
105107,0.99987423
76312,0.9996045
70407,0.99669635
23616,0.99174833
67050,0.99864835
44325,0.9979735
32498,0.9973207
76230,0.9971259
106156,0.99985135
82580,0.04690656
8151,0.99729544
81002,0.9998789
67197,0.9973139
13442,0.9997793
15797,0.99899083
87098,0.9993197
4789,0.01756183
47411,0.76002634
14464,0.9997311
129463,0.9942847
91340,0.9997267
72672,0.9998865
74897,0.9998491
88790,0.99986434
75052,0.99983084
5871,0.99789053
4345,0.9999008
76216,0.99985206
28276,0.9898638
55478,0.28118452
116718,0.99690044
18054,0.9998658
3277,0.014169315
9872,0.9954987
90122,0.9998653
96835,0.9940718
58905,0.9996736
81972,0.9998902
26267,0.9982425
12053,0.99845123
8678,0.9945681
121314,0.99946433
56560,0.9996935
32582,0.9988041
72892,0.24051552
67061,0.9998673
81920,0.9998437
28404,0.99541783
28573,0.99970347
13542,0.9988649
38850,0.9819197
43544,0.99841344
87508,0.99857783
33329,0.9988311
56712,0.99895006
90019,0.99846315
125584,0.9978144
91082,0.9998474
127606,0.16700658
27431,0.9975399
59107,0.99769443
29499,0.9998103
44217,0.9981357
37290,0.9983235
32543,0.99882025
34853,0.99804544
61366,0.99276626
59931,0.9980375
13384,0.9996902
19049,0.9998405
85461,0.99867475
82158,0.9998561
121273,0.9998516
85578,0.9998499
80848,0.99985325
112054,0.998706
2090,0.9967278
43442,0.99812394
128287,0.99743205
9014,0.9762783
89035,0.99986994
17898,0.99986696
89899,0.9998254
29382,0.9998387
14442,0.99883205
8691,0.997635
49724,0.9998357
17800,0.9999112
58955,0.99553454
32492,0.9985531
49490,0.99848574
87632,0.99979013
129549,0.9958468
67179,0.9968706
72845,0.9990594
41103,0.9957009
84279,0.99982125
113061,0.9996228
16707,0.9998828
127237,0.9881201
49554,0.9996283
44303,0.99678075
33331,0.9993544
127128,0.9977361
8147,0.9971512
67148,0.99972254
112108,0.99963546
110414,0.021667324
49696,0.9998561
34865,0.9988166
22023,0.9993243
41283,0.9977476
44192,0.9970341
115329,0.9996544
26151,0.9987826
88728,0.99989915
67002,0.99804366
5710,0.9981294
41259,0.99758947
41142,0.9972543
7973,0.029691843
20337,0.35921675
52194,0.9998847
47316,0.95547694
33379,0.9992349
99294,0.99989665
9985,0.040595535
128267,0.9975533
72731,0.9998528
58938,0.9985688
69201,0.9996308
113005,0.9961572
110608,0.9986933
68176,0.9978004
107359,0.99982303
121228,0.9996126
96909,0.9998622
13283,0.9998098
68131,0.99900764
76169,0.9997483
22224,0.9977209
63398,0.99966025
86705,0.99987984
26026,0.99832946
86768,0.9998363
55650,0.9999131
76114,0.999252
29522,0.99985015
18062,0.99983513
99427,0.9997875
102646,0.9998511
84120,0.99982846
99094,0.99987376
125586,0.9998068
107320,0.99988616
19286,0.999848
49786,0.9998275
67057,0.998524
36437,0.9971103
4153,0.04782902
102693,0.9998716
103847,0.99836487
96933,0.9997521
86628,0.99989665
95680,0.9988153
25935,0.99972874
90170,0.66778135
99796,0.9994578
59725,0.07649334
127979,0.99704105
127212,0.99661595
30931,0.9978902
69471,0.99910283
41198,0.9979989
34084,0.9955487
44209,0.99714917
127160,0.99840397
109794,0.9998971
102845,0.9995937
90239,0.9927812
97032,0.9998772
75006,0.9998568
23977,0.9960531
31057,0.9980171
76287,0.99969256
118934,0.99987805
79712,0.9998623
76373,0.999859
114212,0.9997384
39208,0.030454388
100538,0.37151775
26227,0.9987037
118933,0.99985766
65823,0.7112586
72698,0.99931383
13362,0.99926025
37263,0.9976661
9874,0.99746466
97009,0.9986506
38863,0.9972306
18008,0.99984896
103998,0.99708253
29512,0.8760178
58549,0.054313034
54519,0.9998957
6649,0.99828917
26112,0.99904364
37363,0.9983169
77457,0.9997328
36521,0.9955771
83642,0.999627
37539,0.9990915
56771,0.99936956
41359,0.99815124
19293,0.999666
34860,0.9992054
111861,0.9998883
84462,0.014952669
29585,0.9998727
70305,0.99808276
95570,0.99848855
86529,0.9716399
2289,0.99725026
96966,0.99972004
86657,0.9999101
96984,0.999806
19312,0.9998542
14407,0.9997217
35017,0.99605954
121222,0.99990153
77553,0.99905103
90083,0.9998416
67178,0.9944729
122322,0.99973613
66949,0.9994118
5714,0.41785917
114386,0.3288994
88740,0.99987173
128362,0.9484958
129459,0.9978708
107337,0.99987376
26251,0.9989208
106615,0.025493098
2313,0.99745184
28454,0.9992836
91192,0.999762
121027,0.9997296
87892,0.3861386
66962,0.9998504
67986,0.99415094
65895,0.7107712
35746,0.9841313
109754,0.7072464
77557,0.99861896
99232,0.99689925
47457,0.964657
98188,0.9996959
2083,0.9977089
44379,0.99930584
84445,0.9998313
32515,0.99833703
26050,0.999592
75157,0.99986076
97123,0.99980134
15496,0.99967504
34159,0.9960544
85381,0.9998211
76204,0.998847
24934,0.013937769
97026,0.99970055
96792,0.99971205
28267,0.9979097
28295,0.99971074
88766,0.99984896
13369,0.9993857
60986,0.99757487
54228,0.9998801
23808,0.99670416
105197,0.99982905
59726,0.048350997
84216,0.99984086
103905,0.99687433
94538,0.9999144
59318,0.042191602
13757,0.23989126
90042,0.99989355
41201,0.9972383
15603,0.998774
116383,0.99987245
90158,0.99986935
88920,0.99983513
60113,0.9952107
45753,0.998178
106157,0.9998796
29658,0.99989986
50992,0.99986374
91069,0.999569
24684,0.99676764
80915,0.9998766
18097,0.9998727
112137,0.9987789
87815,0.9999199
14414,0.9997793
67152,0.99962294
71450,0.9998275
39649,0.9436652
117539,0.99988127
77116,0.99876773
90198,0.99987805
125524,0.9987691
78676,0.23642626
127487,0.99811953
13252,0.99986255
66025,0.7158814
111936,0.9998431
34935,0.9992545
108645,0.9997764
2180,0.9977729
59134,0.9990671
102458,0.9990094
116534,0.71165204
18033,0.99985516
21364,0.99711573
19154,0.9998122
86435,0.99977595
9752,0.99783
117678,0.9998672
26084,0.9996234
14458,0.99969995
128187,0.99676514
34338,0.018545683
16695,0.99989474
97054,0.99941516
113109,0.9995745
79718,0.999869
39552,0.9959525
122042,0.99704796
8276,0.99763274
30060,0.9989654
17802,0.9998629
29641,0.99970824
114253,0.37118852
96878,0.99973553
15701,0.99969745
47581,0.60378283
108461,0.9961295
120979,0.9988531
102711,0.9998919
127291,0.22906741
73951,0.9997999
13402,0.9998116
116518,0.9942462
78642,0.99984753
29561,0.9998702
28482,0.9989748
109804,0.9991731
34979,0.99919873
128084,0.9983199
33403,0.99904543
121313,0.9997639
105159,0.9998659
124743,0.99977833
76281,0.99842155
49082,0.99915576
117763,0.9997948
40052,0.991042
113130,0.99883
49923,0.9981832
127149,0.9972988
58859,0.9900511
91034,0.99938214
126934,0.99985397
8420,0.040490847
102753,0.9994392
54420,0.9998467
84351,0.99985385
55471,0.99985397
45918,0.8885679
128126,0.99578756
117568,0.99986887
16830,0.2517497
109549,0.9997991
66906,0.9996369
56723,0.99947315
8173,0.9955794
28542,0.9995881
110908,0.40748578
121300,0.35697046
120944,0.026499795
2032,0.9968815
76078,0.9998466
89270,0.5050127
117823,0.9998789
88783,0.99940395
102651,0.9978635
8146,0.9917779
85536,0.99967456
99195,0.99986506
41206,0.9970778
99380,0.9998896
5490,0.9993979
112126,0.99858284
60025,0.99717736
59077,0.9920363
96959,0.9992149
28797,0.06464448
80572,0.99873906
100180,0.99893135
41231,0.9961326
8887,0.99264044
13339,0.9998405
35198,0.9987294
92383,0.9998215
18962,0.9997029
123426,0.9998584
34899,0.99881965
14680,0.998966
2309,0.99783343
18058,0.99965286
34841,0.99857104
28252,0.99959177
58850,0.991996
95791,0.9987815
29560,0.99985886
101736,0.9998572
30938,0.33893788
47259,0.99621046
17799,0.9998312
68692,0.99891245
19093,0.99982697
35027,0.9982875
64718,0.66655344
18960,0.9993118
66042,0.69893265
14360,0.99937695
43450,0.64847475
51971,0.999728
127183,0.9973476
127909,0.26447472
128202,0.06180895
85311,0.9998246
15780,0.99773884
115901,0.16763762
54178,0.9998241
109396,0.9985378
47550,0.99808574
67191,0.9996246
60109,0.35053846
29426,0.9998404
37085,0.014756894
113070,0.9998217
37504,0.9966788
92524,0.99985063
5564,0.9997744
90191,0.99917394
121185,0.99235183
121123,0.9948368
88844,0.99987364
16794,0.9991763
53165,0.9986119
114356,0.98438984
100449,0.99984527
4300,0.9998481
87373,0.07133733
96952,0.99978775
35766,0.9861435
71730,0.9998816
28290,0.9986953
2026,0.88713306
76119,0.99833506
28526,0.9994923
75186,0.99970335
125884,0.30408612
99393,0.9997603
88939,0.9998491
53009,0.9978382
26140,0.9993224
127095,0.987033
48950,0.04359027
91282,0.99985886
43459,0.99871385
92527,0.99986863
69404,0.99903667
31767,0.45285657
94536,0.9998306
76164,0.9998504
957,0.3654749
19013,0.99968696
88772,0.99965274
56804,0.99930465
76174,0.99682546
129615,0.99339914
21272,0.996985
127152,0.9976058
68231,0.99741346
26164,0.9987098
44504,0.9981254
37284,0.9986564
91200,0.9998555
68429,0.10376563
109624,0.9995852
54411,0.999848
91030,0.9981504
105397,0.057201106
49645,0.9997956
128275,0.99722433
127146,0.99828327
124628,0.9996412
117863,0.9998541
116385,0.99990594
49755,0.9997718
19144,0.9996629
1176,0.9049095
32596,0.9969952
107293,0.9998398
65789,0.6669777
123443,0.99982494
76349,0.995167
117718,0.9998834
69148,0.9981159
35629,0.9956934
125642,0.9997727
121136,0.9997744
118781,0.99986684
36465,0.99567586
115508,0.99798703
49520,0.044388704
13214,0.9997466
88831,0.9996131
69329,0.99730396
86532,0.99988866
60277,0.9911739
49756,0.9995938
103843,0.9987066
116942,0.27175665
20096,0.97005916
124645,0.99990344
113158,0.9996202
23714,0.99682546
66996,0.9991129
20345,0.7342369
126978,0.992451
28470,0.999684
1781,0.29161987
114064,0.9997811
88930,0.9998548
37393,0.99781775
99246,0.9998728
97084,0.26440406
13417,0.99966884
103849,0.37522405
8156,0.997677
43940,0.9529596
73859,0.99986327
54212,0.99978834
72827,0.99971956
32489,0.9992804
39506,0.9959577
13346,0.9997831
78292,0.99824774
4302,0.9997434
27373,0.9954674
128048,0.9991918
85448,0.9998248
41427,0.9978198
113069,0.9982322
121334,0.9998456
111890,0.99972445
41245,0.9944735
3775,0.034821115
95841,0.9944852
19277,0.9998574
88877,0.9998766
14627,0.99918276
13441,0.9996024
7361,0.9978161
86465,0.9997856
87823,0.99981815
46013,0.9972837
128043,0.9962106
114405,0.9998847
15636,0.99634176
37193,0.99574655
33312,0.9992803
70972,0.999087
23649,0.9975321
5398,0.9998242
36564,0.99597555
93574,0.9994081
79772,0.9998988
66867,0.9988955
80736,0.9998939
68813,0.0609218
34833,0.99865806
96870,0.98862004
76073,0.999658
23626,0.9978644
129520,0.9946621
127985,0.9966576
28294,0.9987006
38759,0.996265
116433,0.9999113
19254,0.9994085
2145,0.99639565
21311,0.99718285
10454,0.9961765
67922,0.9983626
45656,0.026814435
76981,0.07022375
30589,0.9998628
43515,0.9981943
17901,0.99964416
104034,0.973693
72777,0.99951315
69357,0.99894816
112931,0.99977773
28475,0.9998292
107404,0.9999076
41257,0.9982443
47493,0.9975688
84276,0.99986255
56483,0.99978954
126999,0.9889253
2019,0.9968047
14489,0.99976224
13438,0.9998965
29406,0.99984884
49747,0.99959296
38663,0.036415238
28338,0.9984816
99233,0.999062
65383,0.11065411
38859,0.99250484
22113,0.99773645
19631,0.063844174
64647,0.97906864
78498,0.99988294
116532,0.9999063
34231,0.99656665
35622,0.98478067
13430,0.9996375
21442,0.9981152
2033,0.9976082
35016,0.99888486
84272,0.99990904
81821,0.10025068
83169,0.9998141
46009,0.8720371
84470,0.9998047
65730,0.7138687
2093,0.99688584
107168,0.9998136
29645,0.99987626
88913,0.99982846
88758,0.9983909
72833,0.9989831
5658,0.9912874
45850,0.99507445
67214,0.98151785
95970,0.9995228
103803,0.9981091
23916,0.18490238
127166,0.99623185
129474,0.9940252
85493,0.99948716
116709,0.99992573
77908,0.9944102
90195,0.99987435
125750,0.37385187
53315,0.9957354
84493,0.9998567
29400,0.9996773
37399,0.9985989
60110,0.32841304
76059,0.9998652
76075,0.999801
19038,0.9997744
85584,0.7112158
5414,0.9998192
18046,0.9989637
41258,0.9915793
91178,0.9994424
56721,0.9997149
79578,0.99982834
95695,0.99858236
65920,0.6953356
96988,0.9997205
12145,0.99982893
67208,0.99062705
91320,0.9988832
94626,0.997591
29431,0.9999176
71463,0.999859
92340,0.99987733
89052,0.9984546
72801,0.99965954
128192,0.99227375
116583,0.99985623
41756,0.99588495
6716,0.04544058
94549,0.9998386
117671,0.99989486
19304,0.99979573
34132,0.9974322
10622,0.99657345
116533,0.6984041
41238,0.23625565
85359,0.9967578
117731,0.99988663
99096,0.9998222
102662,0.9998374
107274,0.99988055
80893,0.9998679
62560,0.99379116
103805,0.9967133
76270,0.9997243
68087,0.99792
44474,0.29516527
34093,0.99609405
45721,0.9960198
5585,0.99792296
10542,0.9958603
91390,0.23143023
21399,0.9976755
89901,0.99986935
112932,0.999469
5197,0.07524074
10480,0.9961293
45272,0.16076243
88782,0.99985886
64999,0.30222377
80876,0.9999018
92294,0.99986553
13260,0.9999107
21342,0.9972263
103890,0.99611485
125500,0.9988533
65687,0.54216
115554,0.9986267
28399,0.9986981
13408,0.99987876
76139,0.9997366
64741,0.9978655
112982,0.9996201
36471,0.99630016
16743,0.9998779
60065,0.9920597
573,0.02116493
92369,0.99989176
127214,0.27364355
96931,0.9996234
63475,0.9943579
19010,0.99981636
55519,0.9977969
68277,0.9989293
21440,0.9979038
33556,0.030574968
69182,0.99900764
105201,0.9998486
61219,0.9844311
73934,0.28959426
74054,0.9996178
115505,0.9994487
39625,0.9063201
91336,0.9985215
25999,0.9982817
72769,0.9959033
113172,0.9996176
13941,0.2183556
84353,0.99981564
102654,0.9998498
19047,0.99986255
98099,0.9944675
40248,0.97719985
99444,0.9996117
71740,0.24379937
29445,0.9998728
123245,0.05025781
16990,0.9997179
90252,0.99986875
63681,0.99121726
96798,0.99958545
121134,0.99819034
2137,0.998221
115527,0.9992525
20385,0.9094644
2311,0.9972785
63717,0.98800385
109488,0.999765
74080,0.9998591
84055,0.037709028
10662,0.9971205
99188,0.9994979
5466,0.9998379
43412,0.99721116
17792,0.99984014
1996,0.9976368
118779,0.99982184
76177,0.9993729
47603,0.99296546
82016,0.999608
47317,0.91517234
16421,0.06648283
21375,0.9963475
79785,0.9998568
5263,0.029875547
117808,0.99988794
53360,0.72228014
121320,0.99908257
16792,0.9996593
115284,0.9995377
128220,0.99794847
37511,0.9977841
75000,0.99985456
32847,0.99230766
79881,0.9998827
72728,0.99881613
88994,0.99985194
60021,0.9961289
67194,0.9973387
126930,0.98272413
31768,0.99587494
29735,0.9998435
114637,0.3699538
22067,0.9978672
82742,0.074619114
26123,0.99947685
80939,0.9998336
13333,0.999736
31010,0.9984463
58882,0.997282
121143,0.9982108
105050,0.99986494
108412,0.99967754
64691,0.996293
92750,0.22870019
109559,0.9998809
12247,0.99889404
128119,0.99264634
37413,0.99792755
85574,0.99984396
28601,0.99917054
94726,0.9991015
92228,0.9998734
14493,0.99963427
1125,0.99898225
67068,0.9982565
18160,0.9997545
73815,0.99981254
28607,0.99970514
57731,0.7027996
868,0.9987602
36537,0.9969687
115232,0.9989454
63572,0.9959621
92473,0.4012298
107153,0.99988425
112915,0.9991155
79758,0.9998129
27322,0.99233586
29461,0.99987113
109608,0.9998969
99394,0.99985135
23628,0.9965329
90038,0.43261915
119024,0.99989367
111966,0.9998739
19004,0.9998934
2149,0.9983454
41178,0.99774843
14325,0.061045166
34925,0.27520785
87829,0.99965584
96884,0.99986184
121223,0.99849284
20636,0.2891618
128586,0.99308044
112071,0.70125294
114122,0.9994628
101450,0.9998522
85270,0.99966455
14654,0.99951625
2246,0.99757963
60086,0.29313737
88738,0.99986374
8271,0.996693
38818,0.9950671
127296,0.99687046
107212,0.9998498
90182,0.99979335
10618,0.9976445
30983,0.9989612
43093,0.18796822
89940,0.9984207
18082,0.9997993
80806,0.9999032
18969,0.9995937
112105,0.9992549
13476,0.99983144
77394,0.99986994
30912,0.99895656
103754,0.98687994
49922,0.9993079
37492,0.9985006
116707,0.9998331
36178,0.9981913
67003,0.9998035
125878,0.99976164
55094,0.06812017
125140,0.9993656
16837,0.99989545
118692,0.9998293
102079,0.15063535
94543,0.9996001
17984,0.9998099
80839,0.9998565
74907,0.9998379
17888,0.9997789
91333,0.9998355
79618,0.9998671
5404,0.9998124
12340,0.9982912
10586,0.995492
58823,0.99570125
61231,0.97058815
91083,0.99986565
59989,0.9998105
67855,0.030812077
32622,0.9982918
91077,0.9998783
41431,0.9968618
3386,0.9937289
73902,0.99985516
5637,0.99887913
67121,0.99866045
111923,0.99825186
38839,0.9976792
18976,0.99988484
93472,0.9995968
34927,0.999141
32562,0.99857235
126650,0.99908006
113062,0.99848145
88861,0.99986076
23891,0.9974988
47251,0.64042234
106151,0.99979645
58865,0.99852127
20504,0.9623413
30641,0.999846
4493,0.9997862
85342,0.9998845
72716,0.9996123
35905,0.029889772
78901,0.052038305
84411,0.9993636
97132,0.9989157
108563,0.99958926
85459,0.99979275
87765,0.9996878
69480,0.99991393
57873,0.69590676
14621,0.9988918
76205,0.9986351
93349,0.99961984
13296,0.99976426
76262,0.9994773
72710,0.99849856
70576,0.99317193
115378,0.99893564
29430,0.9998841
58684,0.99772316
37402,0.998142
112141,0.99913627
90100,0.999864
63397,0.9895983
66987,0.99785256
5917,0.9961874
50957,0.99936384
70445,0.9645877
128104,0.9972479
46035,0.92275196
98225,0.99926347
34160,0.9971818
30837,0.9998808
34866,0.99889827
116526,0.9987011
80861,0.9999006
2642,0.9960581
65767,0.7153629
47483,0.98320156
16979,0.99989307
91120,0.99984777
88947,0.9997695
87678,0.9999032
28581,0.9994261
34052,0.9971468
36582,0.99667144
124586,0.9998104
19322,0.999723
23741,0.9965179
111910,0.9994029
69183,0.99897325
84485,0.9998933
20387,0.82832426
95922,0.99958354
45762,0.9362687
16894,0.9994898
111880,0.99978536
45963,0.99531627
127946,0.99713945
44358,0.9962386
27187,0.9936287
41625,0.031003807
30783,0.9998728
37234,0.99788135
72899,0.9997737
27335,0.98901576
47961,0.061111767
90940,0.99827766
20356,0.7500977
82874,0.9986706
92468,0.99987555
8986,0.9959292
74047,0.9995084
10062,0.9986792
123537,0.9998461
61427,0.9898807
35590,0.99761
5675,0.99971193
17990,0.9998747
29476,0.9998549
20578,0.99767584
87124,0.9992482
30309,0.0876921
107491,0.9998568
20198,0.9894231
117439,0.04920546
6583,0.99663574
123589,0.9998332
1008,0.99730444
7581,0.06549273
29593,0.9998436
8874,0.9884809
8269,0.9972173
103948,0.99675995
20403,0.92179894
43567,0.99520594
76081,0.9985039
106251,0.9998776
2095,0.99571425
23973,0.9976927
110798,0.38875794
108352,0.999683
45909,0.59833425
14641,0.99862564
107203,0.9999105
19051,0.99965334
113160,0.9985349
28588,0.999741
108324,0.9997595
88468,0.033999063
129591,0.961076
104042,0.99506605
120532,0.99876094
94503,0.9998535
4924,0.9988912
88852,0.99982893
121275,0.983315
106550,0.03449306
37394,0.99705446
31278,0.9982645
66956,0.99892753
116566,0.9998621
19071,0.99986744
107202,0.9995018
36410,0.99381894
65952,0.71048
61327,0.9944296
54264,0.99670804
91335,0.9998301
45904,0.91554654
44516,0.99957067
36543,0.9960334
2319,0.9960414
13379,0.9998703
28331,0.99916255
58936,0.9982652
67136,0.9977507
63683,0.986912
123295,0.9997924
76410,0.9998035
92386,0.99986064
79748,0.9998493
68040,0.9994147
92285,0.99985456
91311,0.99989676
58817,0.99956065
43507,0.9918514
96912,0.9998325
41108,0.9976451
102463,0.020319536
62531,0.99168515
45906,0.4843692
122328,0.9998684
23748,0.99637467
2258,0.044724934
5634,0.99967897
106011,0.9998627
36889,0.08972358
55669,0.99976
28347,0.9996227
22243,0.9977615
7306,0.9883272
89879,0.9998895
33288,0.99695635
72741,0.9972235
7344,0.9953622
125793,0.99988365
118834,0.99983656
16962,0.39772296
42782,0.41941118
58913,0.9796815
2058,0.9956245
48729,0.021043167
117878,0.9997937
114135,0.999908
90099,0.9998574
27141,0.9954787
69178,0.9994609
111857,0.999864
13396,0.9996561
99770,0.9989141
59145,0.99637884
13532,0.9998348
21403,0.9966505
109707,0.9998677
128101,0.99375945
7433,0.99852544
24682,0.99719596
109012,0.9994555
69381,0.46704337
91288,0.9998134
72508,0.9988381
90163,0.99988556
80749,0.9998809
114308,0.9990988
19161,0.99988425
102737,0.9998385
59057,0.9971161
34916,0.9992618
127921,0.9994998
12291,0.999315
60037,0.9909671
77265,0.9998105
28520,0.9990088
34196,0.9962255
13382,0.9998253
69428,0.99872166
120757,0.06419403
109714,0.39597094
118725,0.999757
33436,0.99884796
89982,0.9998598
109466,0.9997235
70536,0.9920813
29600,0.9999
37219,0.9974947
102709,0.5908738
47481,0.99126583
74005,0.9998338
69252,0.9973195
19276,0.9998191
90027,0.9999032
43518,0.99573344
4356,0.999265
84368,0.999819
21435,0.30527648
54356,0.9998154
37189,0.99751854
76220,0.99962676
85313,0.9998373
51009,0.99636734
16740,0.99976045
127122,0.9982578
18966,0.999803
19119,0.99945694
17988,0.99990094
61129,0.9972042
9744,0.99560034
122481,0.99988556
116531,0.99990535
22341,0.060148645
91374,0.9998117
63377,0.9902092
91046,0.99988973
115408,0.99976
44503,0.99749005
67998,0.9987564
85307,0.9998147
31462,0.999006
126951,0.9998914
45949,0.9546412
117683,0.9998555
66984,0.99831116
45868,0.3528797
84166,0.9998543
111760,0.99885607
32550,0.99619365
92234,0.9998964
89952,0.9998375
92439,0.9998703
85433,0.9998684
113245,0.9961212
96589,0.059209254
64781,0.97376335
55554,0.9858438
49580,0.999866
72790,0.9949627
127280,0.997715
72821,0.9998186
47494,0.99556726
47495,0.9933448
50823,0.9997855
84467,0.9998565
90211,0.999905
28519,0.9986461
5738,0.99984074
110946,0.7123878
36518,0.9978783
54515,0.9919046
115320,0.99866474
44327,0.99755365
49689,0.99959093
97109,0.99977356
84257,0.9998472
60210,0.9901337
38733,0.99587053
45973,0.47445875
44370,0.9976661
29610,0.99990916
114161,0.99914527
29377,0.9998323
35004,0.9987814
8175,0.9970036
29569,0.99978215
94532,0.9996649
26177,0.9989359
39586,0.99720204
87618,0.99983406
94501,0.9998424
34871,0.99189043
30538,0.99987125
4543,0.999178
85312,0.99984956
5847,0.9985145
86512,0.9974727
80867,0.9998565
17348,0.9992048
72869,0.9998282
92197,0.9927322
129733,0.038787443
76411,0.9998658
30781,0.99982506
88864,0.99985623
107400,0.33419147
37374,0.042721678
127045,0.99982005
85349,0.9991387
86989,0.07355324
106348,0.9851763
36297,0.00944702
60218,0.3547402
62437,0.9995227
77773,0.025608726
111799,0.9989876
65938,0.72334456
10567,0.9978459
103765,0.99724907
73947,0.99981683
59106,0.99738497
37553,0.9981933
114114,0.999788
23682,0.99465066
95636,0.99966395
63390,0.99901175
89931,0.9998956
65751,0.68243474
54208,0.9998522
122189,0.9998074
128264,0.99588615
73863,0.99988174
51040,0.99955577
13567,0.9987263
98132,0.9992799
122276,0.99989307
