well_position,cycle_no,target,rn,drn,amp_status,amp_score,cq,auto_threshold,threshold,baseline_start,baseline_end,file,dilution_level,covid_variant,Fn,curve_idx,ct,igi_call,groundtruth_target,Igi_call_quant,igi_fp,igi_fn,split
A1,40,RnaseP,20577.4375,167.2919445,No Amp,1.444580245,Undetermined,False,20000,3,44,dilution,100000,Delta,20577.438,192_known,,Negative,1,0,0,1,test
A1,40,E gene,713229.625,357894.7801,Amp,2.618476515,17.03584192,False,8000,3,10,dilution,100000,Delta,713229.6,0_known,17.0,Positive,1,1,0,0,test
A1,40,N gene,990313.6875,862149.6481,Amp,2.771321017,17.36853524,False,14000,3,11,dilution,100000,Delta,990313.7,96_known,18.0,Positive,1,1,0,0,test
A3,40,RnaseP,16010.00879,1922.211812,No Amp,1.438040385,Undetermined,False,20000,3,23,dilution,10000,Delta,16010.009,200_known,,Negative,1,0,0,1,test
A3,40,E gene,620227.1875,298758.4181,Amp,2.582723579,21.15626329,False,8000,3,15,dilution,10000,Delta,620227.2,8_known,22.0,Positive,1,1,0,0,test
A3,40,N gene,928640.6875,820181.2679,Amp,2.757696294,20.66449879,False,14000,3,13,dilution,10000,Delta,928640.7,104_known,21.0,Positive,1,1,0,0,test
A5,40,RnaseP,19992.17188,1254.888655,No Amp,1.494467071,Undetermined,False,20000,3,24,dilution,1000,Delta,19992.172,201_known,,Negative,1,0,0,1,test
A5,40,E gene,642876.0,301973.2914,Amp,2.596527497,24.32888554,False,8000,3,14,dilution,1000,Delta,642876.0,9_known,25.0,Positive,1,1,0,0,test
A5,40,N gene,929585.875,805581.8597,Amp,2.766508668,23.97321275,False,14000,3,18,dilution,1000,Delta,929585.9,105_known,24.0,Positive,1,1,0,0,test
A7,40,RnaseP,29141.92773,9954.545432,No Amp,1.831459206,Undetermined,False,20000,3,26,dilution,100,Delta,29141.928,202_known,,Negative,1,0,0,1,test
A7,40,E gene,600856.8125,247156.5145,Amp,2.561713927,27.66642559,False,8000,3,20,dilution,100,Delta,600856.8,10_known,28.0,Positive,1,1,0,0,test
A7,40,N gene,768248.125,646015.9825,Amp,2.730033601,27.59694104,False,14000,3,22,dilution,100,Delta,768248.1,106_known,28.0,Positive,1,1,0,0,test
A9,40,RnaseP,16774.68164,264.3777416,No Amp,1.047100406,Undetermined,False,20000,3,44,dilution,100,Delta,16774.682,203_known,,Negative,1,0,0,1,test
A9,40,E gene,591572.75,258268.888,Amp,2.581484611,27.93320513,False,8000,3,23,dilution,100,Delta,591572.75,11_known,28.0,Positive,1,1,0,0,test
A9,40,N gene,753153.0625,641902.0439,Amp,2.737564865,27.68980436,False,14000,3,21,dilution,100,Delta,753153.06,107_known,28.0,Positive,1,1,0,0,test
A11,40,RnaseP,19625.60352,64.61317047,No Amp,0.0,Undetermined,False,20000,3,44,dilution,10,Delta,19625.604,193_known,,Negative,1,0,0,1,test
A11,40,E gene,514640.4688,172607.0249,Amp,2.508137179,31.14121688,False,8000,3,22,dilution,10,Delta,514640.47,1_known,32.0,Positive,1,1,0,0,test
A11,40,N gene,636114.8125,498493.1764,Amp,2.708581702,30.37186351,False,14000,3,22,dilution,10,Delta,636114.8,97_known,31.0,Positive,1,1,0,0,test
A13,40,RnaseP,19756.29688,32.15418762,No Amp,0.0,Undetermined,False,20000,3,44,dilution,10,Delta,19756.297,194_known,,Negative,1,0,0,1,test
A13,40,E gene,518302.1875,172861.1078,Amp,2.512161042,30.90886457,False,8000,3,20,dilution,10,Delta,518302.2,2_known,31.0,Positive,1,1,0,0,test
A13,40,N gene,569890.75,437756.2971,Amp,2.684665224,30.68876443,False,14000,3,23,dilution,10,Delta,569890.75,98_known,31.0,Positive,1,1,0,0,test
A15,40,RnaseP,19402.02344,-43.49634233,No Amp,0.0,Undetermined,False,20000,3,44,dilution,1,Delta,19402.023,195_known,,Negative,1,0,0,1,test
A15,40,E gene,404459.0313,57443.7674,Amp,2.290033184,33.97469191,False,8000,3,28,dilution,1,Delta,404459.03,3_known,35.0,Positive,1,1,0,0,test
A15,40,N gene,334940.7188,202641.4063,Amp,2.553621525,33.20108292,False,14000,3,24,dilution,1,Delta,334940.72,99_known,34.0,Positive,1,1,0,0,test
A17,40,RnaseP,18576.10742,76.46030724,No Amp,0.0,Undetermined,False,20000,3,44,dilution,1,Delta,18576.107,196_known,,Negative,1,0,0,1,test
A17,40,E gene,380487.6563,43023.66787,Amp,2.228978539,34.39146219,False,8000,3,26,dilution,1,Delta,380487.66,4_known,35.0,Positive,1,1,0,0,test
A17,40,N gene,321956.0313,187367.4333,Amp,2.536309829,33.26910745,False,14000,3,25,dilution,1,Delta,321956.03,100_known,34.0,Positive,1,1,0,0,test
A19,40,RnaseP,20145.58203,24.40822307,No Amp,0.0,Undetermined,False,20000,3,44,dilution,100000,Omicron,20145.582,197_known,,Negative,1,0,0,1,test
A19,40,E gene,659422.875,313172.2665,Amp,2.58757758,18.54899724,False,8000,3,12,dilution,100000,Omicron,659422.9,5_known,19.0,Positive,1,1,0,0,test
A19,40,N gene,896299.8125,763013.6096,Amp,2.721843439,18.50368864,False,14000,3,11,dilution,100000,Omicron,896299.8,101_known,19.0,Positive,1,1,0,0,test
A21,40,RnaseP,18887.67773,69.93070919,No Amp,0.0,Undetermined,False,20000,3,44,dilution,1000,Omicron,18887.678,198_known,,Negative,1,0,0,1,test
A21,40,E gene,647208.75,289757.1846,Amp,2.587212904,25.40273542,False,8000,3,19,dilution,1000,Omicron,647208.75,6_known,26.0,Positive,1,1,0,0,test
A21,40,N gene,810986.75,674302.3711,Amp,2.721838284,25.24890293,False,14000,3,17,dilution,1000,Omicron,810986.75,102_known,26.0,Positive,1,1,0,0,test
A23,40,RnaseP,18328.20313,62.31761058,No Amp,0.0,Undetermined,False,20000,3,44,dilution,1,Omicron,18328.203,199_known,,Negative,1,0,0,1,test
A23,40,E gene,357316.1563,-53.03826591,No Amp,0.0,Undetermined,False,8000,3,44,dilution,1,Omicron,357316.16,7_known,,Negative,1,0,0,1,test
A23,40,N gene,123888.5625,44.9448759,No Amp,0.0,Undetermined,False,14000,3,44,dilution,1,Omicron,123888.56,103_known,,Negative,1,0,0,1,test
C1,40,RnaseP,18506.67578,-51.79916813,No Amp,0.0,Undetermined,False,20000,3,44,dilution,100000,Delta,18506.676,204_known,,Negative,1,0,0,1,test
C1,40,E gene,708411.5625,346875.4148,Amp,2.618538716,17.47314652,False,8000,3,12,dilution,100000,Delta,708411.56,12_known,18.0,Positive,1,1,0,0,test
C1,40,N gene,1038194.125,914617.3471,Amp,2.781401635,17.16622045,False,14000,3,10,dilution,100000,Delta,1038194.1,108_known,18.0,Positive,1,1,0,0,test
C3,40,RnaseP,21892.49805,2851.45012,No Amp,1.552867496,Undetermined,False,20000,3,22,dilution,10000,Delta,21892.498,212_known,,Negative,1,0,0,1,test
C3,40,E gene,656425.5625,319664.0205,Amp,2.5963696,20.80309294,False,8000,3,14,dilution,10000,Delta,656425.56,20_known,21.0,Positive,1,1,0,0,test
C3,40,N gene,936185.125,819431.858,Amp,2.760655646,20.5903722,False,14000,3,12,dilution,10000,Delta,936185.1,116_known,21.0,Positive,1,1,0,0,test
C5,40,RnaseP,33290.00391,14148.34688,No Amp,1.856780871,Undetermined,False,20000,3,20,dilution,1000,Delta,33290.004,213_known,,Negative,1,0,0,1,test
C5,40,E gene,626392.6875,287765.9908,Amp,2.58834224,24.58693539,False,8000,3,20,dilution,1000,Delta,626392.7,21_known,25.0,Positive,1,1,0,0,test
C5,40,N gene,877200.0,753836.7341,Amp,2.753855092,24.16215377,False,14000,3,17,dilution,1000,Delta,877200.0,117_known,25.0,Positive,1,1,0,0,test
C7,40,RnaseP,65268.25,46397.92464,Amp,2.152034261,33.44306373,False,20000,3,24,dilution,100,Delta,65268.25,214_known,34.0,Positive,1,1,0,0,test
C7,40,E gene,562464.75,215555.6415,Amp,2.533489719,27.81551383,False,8000,3,23,dilution,100,Delta,562464.75,22_known,28.0,Positive,1,1,0,0,test
C7,40,N gene,698257.0625,590970.9117,Amp,2.703891742,27.48394577,False,14000,3,21,dilution,100,Delta,698257.06,118_known,28.0,Positive,1,1,0,0,test
C9,40,RnaseP,21501.05859,181.0068535,No Amp,1.464568711,Undetermined,False,20000,3,44,dilution,100,Delta,21501.059,215_known,,Negative,1,0,0,1,test
C9,40,E gene,602129.125,256711.0891,Amp,2.5776693,27.82507917,False,8000,3,20,dilution,100,Delta,602129.1,23_known,28.0,Positive,1,1,0,0,test
C9,40,N gene,795107.25,667748.6808,Amp,2.745301142,27.44365153,False,14000,3,21,dilution,100,Delta,795107.25,119_known,28.0,Positive,1,1,0,0,test
C11,40,RnaseP,20577.32227,823.7385726,No Amp,1.491323736,Undetermined,False,20000,3,14,dilution,10,Delta,20577.322,205_known,,Negative,1,0,0,1,test
C11,40,E gene,458704.875,157484.1061,Amp,2.498023337,31.43712259,False,8000,3,24,dilution,10,Delta,458704.88,13_known,32.0,Positive,1,1,0,0,test
C11,40,N gene,974845.8125,597583.0996,Amp,2.759427577,30.4172328,False,14000,3,22,dilution,10,Delta,974845.8,109_known,31.0,Positive,1,1,0,0,test
C13,40,RnaseP,19966.57813,417.4030152,No Amp,1.414358892,Undetermined,False,20000,3,35,dilution,10,Delta,19966.578,206_known,,Negative,1,0,0,1,test
C13,40,E gene,488797.8125,163124.0655,Amp,2.499892486,31.67233059,False,8000,3,23,dilution,10,Delta,488797.8,14_known,32.0,Positive,1,1,0,0,test
C13,40,N gene,537346.6875,408431.1359,Amp,2.68109646,31.30115479,False,14000,3,25,dilution,10,Delta,537346.7,110_known,32.0,Positive,1,1,0,0,test
C15,40,RnaseP,20151.29883,144.8929635,No Amp,0.0,Undetermined,False,20000,3,44,dilution,1,Delta,20151.299,207_known,,Negative,1,0,0,1,test
C15,40,E gene,398983.8125,65307.26564,Amp,2.32629192,34.03297222,False,8000,3,29,dilution,1,Delta,398983.8,15_known,35.0,Positive,1,1,0,0,test
C15,40,N gene,236063.6719,120037.8166,Amp,2.470464444,34.47255712,False,14000,3,26,dilution,1,Delta,236063.67,111_known,35.0,Positive,1,1,0,0,test
C17,40,RnaseP,19828.58789,171.0564489,No Amp,0.0,Undetermined,False,20000,3,44,dilution,1,Delta,19828.588,208_known,,Negative,1,0,0,1,test
C17,40,E gene,379046.4688,42447.49982,Amp,2.22530255,34.33102698,False,8000,3,28,dilution,1,Delta,379046.47,16_known,35.0,Positive,1,1,0,0,test
C17,40,N gene,264489.4688,127764.0068,Amp,2.452391657,33.91003498,False,14000,3,27,dilution,1,Delta,264489.47,112_known,34.0,Positive,1,1,0,0,test
C19,40,RnaseP,20178.60352,55.73580549,No Amp,0.0,Undetermined,False,20000,3,44,dilution,100000,Omicron,20178.604,209_known,,Negative,1,0,0,1,test
C19,40,E gene,669948.125,314825.4951,Amp,2.591747115,18.54665803,False,8000,3,12,dilution,100000,Omicron,669948.1,17_known,19.0,Positive,1,1,0,0,test
C19,40,N gene,908203.6875,777050.4976,Amp,2.7205897,18.52852309,False,14000,3,13,dilution,100000,Omicron,908203.7,113_known,19.0,Positive,1,1,0,0,test
C21,40,RnaseP,18894.29688,74.67026531,No Amp,0.0,Undetermined,False,20000,3,44,dilution,1000,Omicron,18894.297,210_known,,Negative,1,0,0,1,test
C21,40,E gene,618654.6875,273592.2517,Amp,2.579835894,25.54568704,False,8000,3,19,dilution,1000,Omicron,618654.7,18_known,26.0,Positive,1,1,0,0,test
C21,40,N gene,794160.5625,656386.7436,Amp,2.718472661,25.38261596,False,14000,3,19,dilution,1000,Omicron,794160.56,114_known,26.0,Positive,1,1,0,0,test
C23,40,RnaseP,17939.94727,-34.29593455,No Amp,0.0,Undetermined,False,20000,3,44,dilution,1,Omicron,17939.947,211_known,,Negative,1,0,0,1,test
C23,40,E gene,370739.5938,29757.79575,Amp,2.164662385,35.22061639,False,8000,3,27,dilution,1,Omicron,370739.6,19_known,36.0,Positive,1,1,0,0,test
C23,40,N gene,187727.2031,64935.43739,Amp,2.32674811,35.23632315,False,14000,3,28,dilution,1,Omicron,187727.2,115_known,36.0,Positive,1,1,0,0,test
E1,40,RnaseP,19231.42383,47.22448087,No Amp,1.438458872,Undetermined,False,20000,3,44,dilution,100000,Delta,19231.424,216_known,,Negative,1,0,0,1,test
E1,40,E gene,658666.8125,319290.5371,Amp,2.6025443,17.66561925,False,8000,3,12,dilution,100000,Delta,658666.8,24_known,18.0,Positive,1,1,0,0,test
E1,40,N gene,960299.4375,844673.8044,Amp,2.765628182,17.3031488,False,14000,3,10,dilution,100000,Delta,960299.44,120_known,18.0,Positive,1,1,0,0,test
E3,40,RnaseP,20904.14453,2948.295039,No Amp,1.552848212,Undetermined,False,20000,3,22,dilution,10000,Delta,20904.145,224_known,,Negative,1,0,0,1,test
E3,40,E gene,646879.75,314717.4339,Amp,2.594752658,20.92567216,False,8000,3,15,dilution,10000,Delta,646879.75,32_known,21.0,Positive,1,1,0,0,test
E3,40,N gene,902724.3125,804328.4825,Amp,2.755760517,20.71750067,False,14000,3,13,dilution,10000,Delta,902724.3,128_known,21.0,Positive,1,1,0,0,test
E5,40,RnaseP,27411.99414,8661.423718,No Amp,1.770444693,Undetermined,False,20000,3,21,dilution,1000,Delta,27411.994,225_known,,Negative,1,0,0,1,test
E5,40,E gene,626058.75,287522.6833,Amp,2.587342927,24.44142476,False,8000,3,17,dilution,1000,Delta,626058.75,33_known,25.0,Positive,1,1,0,0,test
E5,40,N gene,875355.3125,758925.509,Amp,2.748083682,24.10472259,False,14000,3,18,dilution,1000,Delta,875355.3,129_known,25.0,Positive,1,1,0,0,test
E7,40,RnaseP,23622.25781,3420.584659,No Amp,1.607115776,Undetermined,False,20000,3,24,dilution,100,Delta,23622.258,226_known,,Negative,1,0,0,1,test
E7,40,E gene,602879.25,262893.4881,Amp,2.584125972,27.91306369,False,8000,3,23,dilution,100,Delta,602879.25,34_known,28.0,Positive,1,1,0,0,test
E7,40,N gene,775862.875,662208.7294,Amp,2.745958113,27.52088861,False,14000,3,20,dilution,100,Delta,775862.9,130_known,28.0,Positive,1,1,0,0,test
E9,40,RnaseP,38306.55469,23639.74449,Inconclusive,2.026395763,38.14434219,False,20000,3,26,dilution,100,Delta,38306.555,227_known,39.0,Negative,1,0,0,1,test
E9,40,E gene,574077.0,242621.5332,Amp,2.565722161,27.80595914,False,8000,3,23,dilution,100,Delta,574077.0,35_known,28.0,Positive,1,1,0,0,test
E9,40,N gene,717296.0625,625376.8026,Amp,2.729358727,27.48375023,False,14000,3,21,dilution,100,Delta,717296.06,131_known,28.0,Positive,1,1,0,0,test
E11,40,RnaseP,117663.7109,97518.83037,Amp,2.296757536,29.89896363,False,20000,3,19,dilution,10,Delta,117663.71,217_known,30.0,Positive,1,1,0,0,test
E11,40,E gene,355583.0,21519.10756,Inconclusive,2.037967276,31.39442551,False,8000,3,23,dilution,10,Delta,355583.0,25_known,32.0,Positive,1,1,0,0,test
E11,40,N gene,190131.75,66165.89797,Inconclusive,2.205945265,31.4131549,False,14000,3,23,dilution,10,Delta,190131.75,121_known,32.0,Positive,1,1,0,0,test
E13,40,RnaseP,19976.4707,556.9089594,No Amp,0.0,Undetermined,False,20000,3,44,dilution,10,Delta,19976.47,218_known,,Negative,1,0,0,1,test
E13,40,E gene,481513.3125,158086.2925,Amp,2.492894422,31.73573041,False,8000,3,25,dilution,10,Delta,481513.3,26_known,32.0,Positive,1,1,0,0,test
E13,40,N gene,558786.875,445642.9335,Amp,2.698149431,31.06850912,False,14000,3,24,dilution,10,Delta,558786.9,122_known,32.0,Positive,1,1,0,0,test
E15,40,RnaseP,19430.90234,200.3767387,No Amp,0.0,Undetermined,False,20000,3,44,dilution,1,Delta,19430.902,219_known,,Negative,1,0,0,1,test
E15,40,E gene,366727.5938,41391.10716,Amp,2.229396564,34.84195343,False,8000,3,24,dilution,1,Delta,366727.6,27_known,35.0,Positive,1,1,0,0,test
E15,40,N gene,281017.0313,153097.2542,Amp,2.516599788,33.97389789,False,14000,3,27,dilution,1,Delta,281017.03,123_known,35.0,Positive,1,1,0,0,test
E17,40,RnaseP,18544.81445,-203.9151326,No Amp,0.0,Undetermined,False,20000,3,44,dilution,1,Delta,18544.814,220_known,,Negative,1,0,0,1,test
E17,40,E gene,359049.3438,36632.50103,Amp,2.192910902,34.12016706,False,8000,3,27,dilution,1,Delta,359049.34,28_known,35.0,Positive,1,1,0,0,test
E17,40,N gene,243599.4063,122168.8865,Amp,2.438980127,33.71601909,False,14000,3,26,dilution,1,Delta,243599.4,124_known,34.0,Positive,1,1,0,0,test
E19,40,RnaseP,22741.17578,3112.047788,No Amp,1.546371285,Undetermined,False,20000,3,18,dilution,100000,Omicron,22741.176,221_known,,Negative,1,0,0,1,test
E19,40,E gene,598486.75,283160.0926,Amp,2.567837541,18.69419678,False,8000,3,10,dilution,100000,Omicron,598486.75,29_known,19.0,Positive,1,1,0,0,test
E19,40,N gene,852880.375,724660.1134,Amp,2.70844356,18.60840589,False,14000,3,12,dilution,100000,Omicron,852880.4,125_known,19.0,Positive,1,1,0,0,test
E21,40,RnaseP,18424.43945,139.5649555,No Amp,0.0,Undetermined,False,20000,3,44,dilution,1000,Omicron,18424.44,222_known,,Negative,1,0,0,1,test
E21,40,E gene,595270.625,266093.7544,Amp,2.572048617,25.5759052,False,8000,3,19,dilution,1000,Omicron,595270.6,30_known,26.0,Positive,1,1,0,0,test
E21,40,N gene,746550.5625,618768.0188,Amp,2.708886251,25.35068482,False,14000,3,18,dilution,1000,Omicron,746550.56,126_known,26.0,Positive,1,1,0,0,test
E23,40,RnaseP,18581.53516,3.974718313,No Amp,0.0,Undetermined,False,20000,3,44,dilution,1,Omicron,18581.535,223_known,,Negative,1,0,0,1,test
E23,40,E gene,414032.375,61048.32417,Amp,2.310150516,34.09227014,False,8000,3,28,dilution,1,Omicron,414032.38,31_known,35.0,Positive,1,1,0,0,test
E23,40,N gene,284241.4375,152643.6968,Amp,2.496546403,33.72409781,False,14000,3,27,dilution,1,Omicron,284241.44,127_known,34.0,Positive,1,1,0,0,test
G1,40,RnaseP,19113.3457,2127.142173,No Amp,1.469871233,Undetermined,False,20000,3,14,dilution,100000,Delta,19113.346,228_known,,Negative,1,0,0,1,test
G1,40,E gene,675838.75,332284.6441,Amp,2.608118631,17.46831659,False,8000,3,12,dilution,100000,Delta,675838.75,36_known,18.0,Positive,1,1,0,0,test
G1,40,N gene,929800.4375,845770.7817,Amp,2.76399459,17.32586834,False,14000,3,11,dilution,100000,Delta,929800.44,132_known,18.0,Positive,1,1,0,0,test
G3,40,RnaseP,22180.99219,172.0630809,No Amp,0.0,Undetermined,False,20000,3,44,dilution,10000,Delta,22180.992,236_known,,Negative,1,0,0,1,test
G3,40,E gene,681495.5625,323114.4225,Amp,2.60596779,21.18314566,False,8000,3,16,dilution,10000,Delta,681495.56,44_known,22.0,Positive,1,1,0,0,test
G3,40,N gene,994917.375,859242.4463,Amp,2.771039258,20.68279814,False,14000,3,14,dilution,10000,Delta,994917.4,140_known,21.0,Positive,1,1,0,0,test
G5,40,RnaseP,24198.80469,4619.595537,No Amp,1.632724694,Undetermined,False,20000,3,23,dilution,1000,Delta,24198.805,237_known,,Negative,1,0,0,1,test
G5,40,E gene,672629.8125,313128.9863,Amp,2.606406392,24.55619196,False,8000,3,20,dilution,1000,Delta,672629.8,45_known,25.0,Positive,1,1,0,0,test
G5,40,N gene,973614.5,845577.2797,Amp,2.778176658,23.90868686,False,14000,3,18,dilution,1000,Delta,973614.5,141_known,24.0,Positive,1,1,0,0,test
G9,40,RnaseP,80753.48438,59622.10511,Amp,2.195443398,32.51765184,False,20000,3,23,dilution,100,Delta,80753.484,238_known,33.0,Positive,1,1,0,0,test
G9,40,E gene,568073.3125,218398.8821,Amp,2.529484573,27.67057014,False,8000,3,23,dilution,100,Delta,568073.3,46_known,28.0,Positive,1,1,0,0,test
G9,40,N gene,700771.25,575335.9728,Amp,2.695775567,27.29793425,False,14000,3,20,dilution,100,Delta,700771.25,142_known,28.0,Positive,1,1,0,0,test
G11,40,RnaseP,23857.57031,3471.906209,No Amp,1.527178582,Undetermined,False,20000,3,29,dilution,10,Delta,23857.57,229_known,,Negative,1,0,0,1,test
G11,40,E gene,518056.375,165167.2217,Amp,2.504535799,31.28274792,False,8000,3,25,dilution,10,Delta,518056.38,37_known,32.0,Positive,1,1,0,0,test
G11,40,N gene,528035.9375,421588.7102,Amp,2.679527337,30.9347768,False,14000,3,23,dilution,10,Delta,528035.94,133_known,31.0,Positive,1,1,0,0,test
G13,40,RnaseP,21853.41406,553.8139061,No Amp,0.0,Undetermined,False,20000,3,44,dilution,10,Delta,21853.414,230_known,,Negative,1,0,0,1,test
G13,40,E gene,479566.9375,142581.381,Amp,2.469319973,31.48499148,False,8000,3,24,dilution,10,Delta,479566.94,38_known,32.0,Positive,1,1,0,0,test
G13,40,N gene,500955.7188,398071.6485,Amp,2.666618959,30.9781388,False,14000,3,25,dilution,10,Delta,500955.72,134_known,31.0,Positive,1,1,0,0,test
G15,40,RnaseP,20524.52344,443.5926912,No Amp,0.0,Undetermined,False,20000,3,44,dilution,1,Delta,20524.523,231_known,,Negative,1,0,0,1,test
G15,40,E gene,358903.1875,16822.07599,Inconclusive,2.022737893,36.11436433,False,8000,3,30,dilution,1,Delta,358903.2,39_known,37.0,Positive,1,1,0,0,test
G15,40,N gene,283516.8438,162909.4399,Amp,2.498969502,33.16305262,False,14000,3,25,dilution,1,Delta,283516.84,135_known,34.0,Positive,1,1,0,0,test
G17,40,RnaseP,19594.03711,-118.66579,No Amp,0.0,Undetermined,False,20000,3,44,dilution,1,Delta,19594.037,232_known,,Negative,1,0,0,1,test
G17,40,E gene,368355.375,37845.1213,Amp,2.199819017,34.6204638,False,8000,3,26,dilution,1,Delta,368355.38,40_known,35.0,Positive,1,1,0,0,test
G17,40,N gene,266549.3438,129830.3067,Amp,2.458359484,33.9390813,False,14000,3,28,dilution,1,Delta,266549.34,136_known,35.0,Positive,1,1,0,0,test
G19,40,RnaseP,20387.58789,-145.508641,No Amp,0.0,Undetermined,False,20000,3,44,dilution,100000,Omicron,20387.588,233_known,,Negative,1,0,0,1,test
G19,40,E gene,640370.125,299308.9994,Amp,2.582692747,18.67266124,False,8000,3,12,dilution,100000,Omicron,640370.1,41_known,19.0,Positive,1,1,0,0,test
G19,40,N gene,912132.875,768979.9679,Amp,2.720089224,18.5898673,False,14000,3,13,dilution,100000,Omicron,912132.9,137_known,19.0,Positive,1,1,0,0,test
G21,40,RnaseP,20676.61914,1805.90156,No Amp,1.538895375,Undetermined,False,20000,3,25,dilution,1000,Omicron,20676.62,234_known,,Negative,1,0,0,1,test
G21,40,E gene,606341.5625,271561.1467,Amp,2.576180536,25.45634308,False,8000,3,17,dilution,1000,Omicron,606341.56,42_known,26.0,Positive,1,1,0,0,test
G21,40,N gene,767535.1875,647097.2532,Amp,2.71657392,25.23611934,False,14000,3,17,dilution,1000,Omicron,767535.2,138_known,26.0,Positive,1,1,0,0,test
G23,40,RnaseP,18270.08398,-19.13627498,No Amp,0.0,Undetermined,False,20000,3,44,dilution,1,Omicron,18270.084,235_known,,Negative,1,0,0,1,test
G23,40,E gene,371732.125,42675.59983,Amp,2.231771064,34.62209509,False,8000,3,27,dilution,1,Omicron,371732.12,43_known,35.0,Positive,1,1,0,0,test
G23,40,N gene,240867.2344,112858.2188,Amp,2.430105254,34.10642014,False,14000,3,27,dilution,1,Omicron,240867.23,139_known,35.0,Positive,1,1,0,0,test
I1,40,RnaseP,18222.63281,-38.60135011,No Amp,0.0,Undetermined,False,20000,3,44,dilution,100000,Delta,18222.633,239_known,,Negative,1,0,0,1,test
I1,40,E gene,664458.875,322823.5648,Amp,2.605731644,17.67551716,False,8000,3,13,dilution,100000,Delta,664458.9,47_known,18.0,Positive,1,1,0,0,test
I1,40,N gene,981285.4375,860812.4461,Amp,2.769862704,17.28532557,False,14000,3,11,dilution,100000,Delta,981285.44,143_known,18.0,Positive,1,1,0,0,test
I3,40,RnaseP,29628.22852,6692.035067,No Amp,1.69139112,Undetermined,False,20000,3,21,dilution,10000,Delta,29628.229,247_known,,Negative,1,0,0,1,test
I3,40,E gene,669859.625,323260.0055,Amp,2.600464132,20.78992655,False,8000,3,14,dilution,10000,Delta,669859.6,55_known,21.0,Positive,1,1,0,0,test
I3,40,N gene,976298.5625,842442.5702,Amp,2.76490282,20.55544353,False,14000,3,12,dilution,10000,Delta,976298.56,151_known,21.0,Positive,1,1,0,0,test
I5,40,RnaseP,22389.85938,2937.594963,No Amp,1.558823667,Undetermined,False,20000,3,20,dilution,1000,Delta,22389.86,248_known,,Negative,1,0,0,1,test
I5,40,E gene,625100.875,291209.5202,Amp,2.594417592,24.46358177,False,8000,3,16,dilution,1000,Delta,625100.9,56_known,25.0,Positive,1,1,0,0,test
I5,40,N gene,883535.5,775325.216,Amp,2.760024306,24.00156751,False,14000,3,15,dilution,1000,Delta,883535.5,152_known,24.0,Positive,1,1,0,0,test
I7,40,RnaseP,21710.55078,2375.394466,No Amp,1.492050395,Undetermined,False,20000,3,25,dilution,100,Delta,21710.55,249_known,,Negative,1,0,0,1,test
I7,40,E gene,583889.375,247802.3641,Amp,2.521534134,25.14210485,False,8000,3,19,dilution,100,Delta,583889.4,57_known,26.0,Positive,1,1,0,0,test
I7,40,N gene,784207.3125,669984.9457,Amp,2.722485344,23.79497597,False,14000,3,17,dilution,100,Delta,784207.3,153_known,24.0,Positive,1,1,0,0,test
I9,40,RnaseP,50221.76563,32072.01321,Inconclusive,2.08039708,36.30438026,False,20000,3,24,dilution,100,Delta,50221.766,250_known,37.0,Negative,1,0,0,1,test
I9,40,E gene,590088.5,248828.1716,Amp,2.569303595,27.8571318,False,8000,3,20,dilution,100,Delta,590088.5,58_known,28.0,Positive,1,1,0,0,test
I9,40,N gene,780771.625,656481.3936,Amp,2.731123499,27.29281406,False,14000,3,20,dilution,100,Delta,780771.6,154_known,28.0,Positive,1,1,0,0,test
I11,40,RnaseP,23729.99805,1383.427652,No Amp,0.0,Undetermined,False,20000,3,27,dilution,10,Delta,23729.998,240_known,,Negative,1,0,0,1,test
I11,40,E gene,542811.6875,179720.866,Amp,2.515631375,30.88382975,False,8000,3,24,dilution,10,Delta,542811.7,48_known,31.0,Positive,1,1,0,0,test
I11,40,N gene,630145.8125,496295.3688,Amp,2.704119877,30.40016918,False,14000,3,24,dilution,10,Delta,630145.8,144_known,31.0,Positive,1,1,0,0,test
I13,40,RnaseP,27823.21875,49.09714633,No Amp,0.0,Undetermined,False,20000,3,44,dilution,10,Delta,27823.219,241_known,,Negative,1,0,0,1,test
I13,40,E gene,541982.0625,187148.7906,Amp,2.530119201,31.11172625,False,8000,3,24,dilution,10,Delta,541982.06,49_known,32.0,Positive,1,1,0,0,test
I13,40,N gene,604706.875,467224.2007,Amp,2.704514965,30.86234813,False,14000,3,25,dilution,10,Delta,604706.9,145_known,31.0,Positive,1,1,0,0,test
I15,40,RnaseP,20957.27539,-31.20566845,No Amp,0.0,Undetermined,False,20000,3,44,dilution,1,Delta,20957.275,242_known,,Negative,1,0,0,1,test
I15,40,E gene,410064.25,67971.23149,Amp,2.339426993,34.20174429,False,8000,3,26,dilution,1,Delta,410064.25,50_known,35.0,Positive,1,1,0,0,test
I15,40,N gene,187911.0469,56838.96988,Amp,2.31791938,35.94281181,False,14000,3,26,dilution,1,Delta,187911.05,146_known,36.0,Positive,1,1,0,0,test
I17,40,RnaseP,21060.60938,155.6646013,No Amp,0.0,Undetermined,False,20000,3,44,dilution,1,Delta,21060.61,243_known,,Negative,1,0,0,1,test
I17,40,E gene,338214.3438,525.1798747,No Amp,0.0,Undetermined,False,8000,3,44,dilution,1,Delta,338214.34,51_known,,Negative,1,0,0,1,test
I17,40,N gene,205604.6719,74984.98765,Amp,2.361675236,35.0218861,False,14000,3,28,dilution,1,Delta,205604.67,147_known,36.0,Positive,1,1,0,0,test
I19,40,RnaseP,19907.87891,-54.15895857,No Amp,0.0,Undetermined,False,20000,3,44,dilution,100000,Omicron,19907.879,244_known,,Negative,1,0,0,1,test
I19,40,E gene,644862.75,296760.7955,Amp,2.584873852,18.96491068,False,8000,3,13,dilution,100000,Omicron,644862.75,52_known,19.0,Positive,1,1,0,0,test
I19,40,N gene,904633.4375,765741.3041,Amp,2.719010993,18.51672857,False,14000,3,13,dilution,100000,Omicron,904633.44,148_known,19.0,Positive,1,1,0,0,test
I21,40,RnaseP,19538.08789,1254.77172,No Amp,1.43263182,Undetermined,False,20000,3,25,dilution,1000,Omicron,19538.088,245_known,,Negative,1,0,0,1,test
I21,40,E gene,586553.6875,261389.9872,Amp,2.569677294,25.51057366,False,8000,3,17,dilution,1000,Omicron,586553.7,53_known,26.0,Positive,1,1,0,0,test
I21,40,N gene,744775.625,612641.3084,Amp,2.706421978,25.25990988,False,14000,3,16,dilution,1000,Omicron,744775.6,149_known,26.0,Positive,1,1,0,0,test
I23,40,RnaseP,18170.49414,73.44313264,No Amp,0.0,Undetermined,False,20000,3,44,dilution,1,Omicron,18170.494,246_known,,Negative,1,0,0,1,test
I23,40,E gene,350126.375,19035.00124,Inconclusive,2.078219676,36.16978707,False,8000,3,30,dilution,1,Omicron,350126.38,54_known,37.0,Positive,1,1,0,0,test
I23,40,N gene,177784.5156,38537.47952,Inconclusive,2.224259079,36.51432648,False,14000,3,26,dilution,1,Omicron,177784.52,150_known,37.0,Positive,1,1,0,0,test
K1,40,RnaseP,16845.72852,-18.81699855,No Amp,0.0,Undetermined,False,20000,3,44,dilution,100000,Delta,16845.729,251_known,,Negative,1,0,0,1,test
K1,40,E gene,696958.125,340937.4777,Amp,2.615617963,17.57929227,False,8000,3,12,dilution,100000,Delta,696958.1,59_known,18.0,Positive,1,1,0,0,test
K1,40,N gene,1019656.688,887279.132,Amp,2.773996629,17.22985502,False,14000,3,10,dilution,100000,Delta,1019656.7,155_known,18.0,Positive,1,1,0,0,test
K3,40,RnaseP,22138.86328,2248.668672,No Amp,1.476964747,Undetermined,False,20000,3,19,dilution,10000,Delta,22138.863,259_known,,Negative,1,0,0,1,test
K3,40,E gene,698127.3125,335539.6182,Amp,2.61177697,20.93185408,False,8000,3,14,dilution,10000,Delta,698127.3,67_known,21.0,Positive,1,1,0,0,test
K3,40,N gene,1017157.813,893613.4162,Amp,2.777805207,20.59710496,False,14000,3,14,dilution,10000,Delta,1017157.8,163_known,21.0,Positive,1,1,0,0,test
K5,40,RnaseP,21176.57227,1719.970287,No Amp,1.48257236,Undetermined,False,20000,3,24,dilution,1000,Delta,21176.572,260_known,,Negative,1,0,0,1,test
K5,40,E gene,623703.625,288376.9074,Amp,2.588940556,24.59956063,False,8000,3,19,dilution,1000,Delta,623703.6,68_known,25.0,Positive,1,1,0,0,test
K5,40,N gene,911150.0625,781948.0228,Amp,2.762227677,24.09051936,False,14000,3,18,dilution,1000,Delta,911150.06,164_known,25.0,Positive,1,1,0,0,test
K7,40,RnaseP,26014.96094,5751.422927,No Amp,1.73365473,Undetermined,False,20000,3,26,dilution,100,Delta,26014.96,261_known,,Negative,1,0,0,1,test
K7,40,E gene,604066.75,259313.7441,Amp,2.578755063,27.83869432,False,8000,3,21,dilution,100,Delta,604066.75,69_known,28.0,Positive,1,1,0,0,test
K7,40,N gene,771855.4375,698688.9468,Amp,2.753537515,27.36286721,False,14000,3,21,dilution,100,Delta,771855.44,165_known,28.0,Positive,1,1,0,0,test
K9,40,RnaseP,21329.11133,289.5755744,No Amp,0.0,Undetermined,False,20000,3,44,dilution,100,Delta,21329.111,262_known,,Negative,1,0,0,1,test
K9,40,E gene,605957.75,259672.0194,Amp,2.580507497,27.71166424,False,8000,3,21,dilution,100,Delta,605957.75,70_known,28.0,Positive,1,1,0,0,test
K9,40,N gene,809872.8125,695117.131,Amp,2.75204848,27.32179975,False,14000,3,20,dilution,100,Delta,809872.8,166_known,28.0,Positive,1,1,0,0,test
K11,40,RnaseP,21206.38086,343.3132113,No Amp,0.0,Undetermined,False,20000,3,44,dilution,10,Delta,21206.38,252_known,,Negative,1,0,0,1,test
K11,40,E gene,492870.0,129802.0808,Amp,2.448632314,31.53780841,False,8000,3,25,dilution,10,Delta,492870.0,60_known,32.0,Positive,1,1,0,0,test
K11,40,N gene,523684.8125,388196.3418,Amp,2.657996367,30.95307001,False,14000,3,23,dilution,10,Delta,523684.8,156_known,31.0,Positive,1,1,0,0,test
K13,40,RnaseP,22838.87891,342.4659465,No Amp,1.469085847,Undetermined,False,20000,3,44,dilution,10,Delta,22838.879,253_known,,Negative,1,0,0,1,test
K13,40,E gene,523825.9375,167000.6839,Amp,2.500853068,30.99326607,False,8000,3,23,dilution,10,Delta,523825.94,61_known,31.0,Positive,1,1,0,0,test
K13,40,N gene,602659.75,455430.6944,Amp,2.683308852,30.55721159,False,14000,3,24,dilution,10,Delta,602659.75,157_known,31.0,Positive,1,1,0,0,test
K15,40,RnaseP,21277.29688,77.64318691,No Amp,0.0,Undetermined,False,20000,3,44,dilution,1,Delta,21277.297,254_known,,Negative,1,0,0,1,test
K15,40,E gene,391738.4063,35015.79079,Amp,2.182884344,34.33051116,False,8000,3,27,dilution,1,Delta,391738.4,62_known,35.0,Positive,1,1,0,0,test
K15,40,N gene,259578.0938,111049.6076,Amp,2.418300056,33.95020222,False,14000,3,25,dilution,1,Delta,259578.1,158_known,34.0,Positive,1,1,0,0,test
K17,40,RnaseP,23218.08203,1246.296119,No Amp,1.503960944,Undetermined,False,20000,3,34,dilution,1,Delta,23218.082,255_known,,Negative,1,0,0,1,test
K17,40,E gene,415696.0,52629.68775,Amp,2.269417989,34.01249319,False,8000,3,25,dilution,1,Delta,415696.0,63_known,35.0,Positive,1,1,0,0,test
K17,40,N gene,276663.3438,120363.172,Amp,2.457501322,34.12632965,False,14000,3,26,dilution,1,Delta,276663.34,159_known,35.0,Positive,1,1,0,0,test
K19,40,RnaseP,21780.08984,-0.448255508,No Amp,0.0,Undetermined,False,20000,3,44,dilution,100000,Omicron,21780.09,256_known,,Negative,1,0,0,1,test
K19,40,E gene,667210.3125,312237.9347,Amp,2.591993186,18.75959927,False,8000,3,13,dilution,100000,Omicron,667210.3,64_known,19.0,Positive,1,1,0,0,test
K19,40,N gene,917150.125,773813.8065,Amp,2.72003357,18.50004975,False,14000,3,13,dilution,100000,Omicron,917150.1,160_known,19.0,Positive,1,1,0,0,test
K21,40,RnaseP,20689.58984,2425.35521,No Amp,1.533954052,Undetermined,False,20000,3,27,dilution,1000,Omicron,20689.59,257_known,,Negative,1,0,0,1,test
K21,40,E gene,597475.375,267111.804,Amp,2.573069253,25.43633357,False,8000,3,18,dilution,1000,Omicron,597475.4,65_known,26.0,Positive,1,1,0,0,test
K21,40,N gene,734107.375,607786.1189,Amp,2.703317706,25.36682056,False,14000,3,18,dilution,1000,Omicron,734107.4,161_known,26.0,Positive,1,1,0,0,test
K23,40,RnaseP,18372.91797,101.7723776,No Amp,0.0,Undetermined,False,20000,3,44,dilution,1,Omicron,18372.918,258_known,,Negative,1,0,0,1,test
K23,40,E gene,361400.4688,25235.6502,Amp,2.126348407,35.79751743,False,8000,3,26,dilution,1,Omicron,361400.47,66_known,36.0,Positive,1,1,0,0,test
K23,40,N gene,160939.4688,35666.90901,Inconclusive,2.205923841,36.6251876,False,14000,3,27,dilution,1,Omicron,160939.47,162_known,37.0,Positive,1,1,0,0,test
M1,40,RnaseP,17585.65234,75.06304809,No Amp,0.0,Undetermined,False,20000,3,44,dilution,100000,Delta,17585.652,263_known,,Negative,1,0,0,1,test
M1,40,E gene,687973.375,336014.7997,Amp,2.613156456,17.57841196,False,8000,3,11,dilution,100000,Delta,687973.4,71_known,18.0,Positive,1,1,0,0,test
M1,40,N gene,997557.9375,878632.7718,Amp,2.770926758,17.29962173,False,14000,3,10,dilution,100000,Delta,997557.94,167_known,18.0,Positive,1,1,0,0,test
M3,40,RnaseP,21020.16016,175.5526039,No Amp,0.0,Undetermined,False,20000,3,44,dilution,10000,Delta,21020.16,271_known,,Negative,1,0,0,1,test
M3,40,E gene,680839.4375,326130.1105,Amp,2.604862034,21.07948793,False,8000,3,16,dilution,10000,Delta,680839.44,79_known,22.0,Positive,1,1,0,0,test
M3,40,N gene,982880.6875,865986.5767,Amp,2.770743335,20.62606811,False,14000,3,14,dilution,10000,Delta,982880.7,175_known,21.0,Positive,1,1,0,0,test
M5,40,RnaseP,19807.00977,74.22424774,No Amp,1.409192857,Undetermined,False,20000,3,44,dilution,1000,Delta,19807.01,272_known,,Negative,1,0,0,1,test
M5,40,E gene,636850.0625,294169.7831,Amp,2.59491901,24.58838435,False,8000,3,17,dilution,1000,Delta,636850.06,80_known,25.0,Positive,1,1,0,0,test
M5,40,N gene,913215.0,784030.2482,Amp,2.762223337,24.12361533,False,14000,3,16,dilution,1000,Delta,913215.0,176_known,25.0,Positive,1,1,0,0,test
M7,40,RnaseP,21371.46875,185.1153281,No Amp,0.0,Undetermined,False,20000,3,44,dilution,100,Delta,21371.469,273_known,,Negative,1,0,0,1,test
M7,40,E gene,610451.6875,255406.9214,Amp,2.577838547,27.76070821,False,8000,3,21,dilution,100,Delta,610451.7,81_known,28.0,Positive,1,1,0,0,test
M7,40,N gene,799554.6875,658462.8485,Amp,2.740709041,27.54264463,False,14000,3,20,dilution,100,Delta,799554.7,177_known,28.0,Positive,1,1,0,0,test
M9,40,RnaseP,25939.8125,2661.826137,No Amp,1.598864742,Undetermined,False,20000,3,26,dilution,100,Delta,25939.812,274_known,,Negative,1,0,0,1,test
M9,40,E gene,611970.9375,260525.6023,Amp,2.583891616,27.71790498,False,8000,3,22,dilution,100,Delta,611970.94,82_known,28.0,Positive,1,1,0,0,test
M9,40,N gene,818892.25,684612.5468,Amp,2.750556452,27.32604226,False,14000,3,21,dilution,100,Delta,818892.25,178_known,28.0,Positive,1,1,0,0,test
M11,40,RnaseP,18292.39844,251.5754315,No Amp,1.38442379,Undetermined,False,20000,3,44,dilution,10,Delta,18292.398,264_known,,Negative,1,0,0,1,test
M11,40,E gene,493246.1563,145238.2159,Amp,2.464191924,30.85748644,False,8000,3,23,dilution,10,Delta,493246.16,72_known,31.0,Positive,1,1,0,0,test
M11,40,N gene,519117.5313,384022.4323,Amp,2.639303358,30.68635951,False,14000,3,24,dilution,10,Delta,519117.53,168_known,31.0,Positive,1,1,0,0,test
M13,40,RnaseP,20320.9082,1013.540916,No Amp,1.437888291,Undetermined,False,20000,3,30,dilution,10,Delta,20320.908,265_known,,Negative,1,0,0,1,test
M13,40,E gene,495484.1563,129788.6744,Amp,2.445954977,31.41640586,False,8000,3,23,dilution,10,Delta,495484.16,73_known,32.0,Positive,1,1,0,0,test
M13,40,N gene,521717.9063,401134.6102,Amp,2.654421447,30.77514669,False,14000,3,25,dilution,10,Delta,521717.9,169_known,31.0,Positive,1,1,0,0,test
M15,40,RnaseP,20438.51367,4.498380546,No Amp,0.0,Undetermined,False,20000,3,44,dilution,1,Delta,20438.514,266_known,,Negative,1,0,0,1,test
M15,40,E gene,368909.8125,15640.40068,Inconclusive,2.004353302,36.28576129,False,8000,3,30,dilution,1,Delta,368909.8,74_known,37.0,Positive,1,1,0,0,test
M15,40,N gene,167527.9688,33169.28778,Inconclusive,2.165450755,36.5084153,False,14000,3,26,dilution,1,Delta,167527.97,170_known,37.0,Positive,1,1,0,0,test
M17,40,RnaseP,20427.74609,-64.63009655,No Amp,0.0,Undetermined,False,20000,3,44,dilution,1,Delta,20427.746,267_known,,Negative,1,0,0,1,test
M17,40,E gene,380778.875,32870.91826,Amp,2.175393156,35.07693086,False,8000,3,29,dilution,1,Delta,380778.88,75_known,36.0,Positive,1,1,0,0,test
M17,40,N gene,227838.0469,101976.2103,Amp,2.405507616,34.30291067,False,14000,3,23,dilution,1,Delta,227838.05,171_known,35.0,Positive,1,1,0,0,test
M19,40,RnaseP,20797.28906,1653.341802,No Amp,1.257441124,Undetermined,False,20000,3,28,dilution,40,Wuhan,20797.29,268_known,,Negative,1,0,0,1,test
M19,40,E gene,588717.0625,249002.8689,Amp,2.570886021,27.81585177,False,8000,3,22,dilution,40,Wuhan,588717.06,76_known,28.0,Positive,1,1,0,0,test
M19,40,N gene,751051.6875,616037.7225,Amp,2.733028922,28.31999628,False,14000,3,22,dilution,40,Wuhan,751051.7,172_known,29.0,Positive,1,1,0,0,test
M21,40,RnaseP,23008.98438,284.7664439,No Amp,0.0,Undetermined,False,20000,3,44,dilution,1000,Omicron,23008.984,269_known,,Negative,1,0,0,1,test
M21,40,E gene,639771.9375,284053.9074,Amp,2.584469883,25.38064181,False,8000,3,19,dilution,1000,Omicron,639771.94,77_known,26.0,Positive,1,1,0,0,test
M21,40,N gene,800342.75,646092.858,Amp,2.717369284,25.25067054,False,14000,3,18,dilution,1000,Omicron,800342.75,173_known,26.0,Positive,1,1,0,0,test
M23,40,RnaseP,22731.48633,49.43778134,No Amp,0.0,Undetermined,False,20000,3,44,dilution,1,Omicron,22731.486,270_known,,Negative,1,0,0,1,test
M23,40,E gene,386133.3438,45109.07972,Amp,2.24123111,34.296028,False,8000,3,29,dilution,1,Omicron,386133.34,78_known,35.0,Positive,1,1,0,0,test
M23,40,N gene,226489.7188,106065.7909,Amp,2.417225552,34.24363669,False,14000,3,29,dilution,1,Omicron,226489.72,174_known,35.0,Positive,1,1,0,0,test
N19,40,RnaseP,22394.70313,1070.208012,No Amp,0.0,Undetermined,False,20000,3,27,dilution,40,Wuhan,22394.703,275_known,,Negative,1,0,0,1,test
N19,40,E gene,622734.5,248094.093,Amp,2.576137816,28.7651547,False,8000,3,23,dilution,40,Wuhan,622734.5,83_known,29.0,Positive,1,1,0,0,test
N19,40,N gene,785462.4375,645785.5746,Amp,2.742264893,28.24327087,False,14000,3,21,dilution,40,Wuhan,785462.44,179_known,29.0,Positive,1,1,0,0,test
O1,40,RnaseP,15873.11035,1503.964476,No Amp,1.424192895,Undetermined,False,20000,3,17,dilution,100000,Delta,15873.11,276_known,,Negative,1,0,0,1,test
O1,40,E gene,585168.5625,283050.3616,Amp,2.573449645,17.4660357,False,8000,3,10,dilution,100000,Delta,585168.56,84_known,18.0,Positive,1,1,0,0,test
O1,40,N gene,863000.75,754451.2737,Amp,2.73320742,17.08317024,False,14000,3,10,dilution,100000,Delta,863000.75,180_known,18.0,Positive,1,1,0,0,test
O3,40,RnaseP,19628.08008,126.4097842,No Amp,0.0,Undetermined,False,20000,3,44,dilution,10000,Delta,19628.08,284_known,,Negative,1,0,0,1,test
O3,40,E gene,684698.375,326660.4109,Amp,2.603126943,21.00833091,False,8000,3,14,dilution,10000,Delta,684698.4,92_known,21.0,Positive,1,1,0,0,test
O3,40,N gene,1001041.688,875298.7205,Amp,2.772933318,20.64373066,False,14000,3,12,dilution,10000,Delta,1001041.7,188_known,21.0,Positive,1,1,0,0,test
O5,40,RnaseP,21322.52344,115.27664,No Amp,1.456384429,Undetermined,False,20000,3,44,dilution,1000,Delta,21322.523,285_known,,Negative,1,0,0,1,test
O5,40,E gene,683696.4375,314564.3183,Amp,2.611311867,24.45918744,False,8000,3,17,dilution,1000,Delta,683696.44,93_known,25.0,Positive,1,1,0,0,test
O5,40,N gene,969328.5625,836126.0785,Amp,2.776150299,23.95988909,False,14000,3,18,dilution,1000,Delta,969328.56,189_known,24.0,Positive,1,1,0,0,test
O7,40,RnaseP,18087.89453,-185.0088371,No Amp,1.123343518,Undetermined,False,20000,3,44,dilution,100,Delta,18087.895,286_known,,Negative,1,0,0,1,test
O7,40,E gene,634330.75,270106.7419,Amp,2.590193909,27.83981793,False,8000,3,23,dilution,100,Delta,634330.75,94_known,28.0,Positive,1,1,0,0,test
O7,40,N gene,830470.5625,699651.0149,Amp,2.753724898,27.3798408,False,14000,3,19,dilution,100,Delta,830470.56,190_known,28.0,Positive,1,1,0,0,test
O9,40,RnaseP,20997.37891,206.0514698,No Amp,0.0,Undetermined,False,20000,3,44,dilution,100,Delta,20997.379,287_known,,Negative,1,0,0,1,test
O9,40,E gene,616523.8125,259795.248,Amp,2.579094096,27.67111716,False,8000,3,20,dilution,100,Delta,616523.8,95_known,28.0,Positive,1,1,0,0,test
O9,40,N gene,818719.9375,677966.2988,Amp,2.746151537,27.4067902,False,14000,3,21,dilution,100,Delta,818719.94,191_known,28.0,Positive,1,1,0,0,test
O11,40,RnaseP,20972.29492,4.238693314,No Amp,0.0,Undetermined,False,20000,3,44,dilution,10,Delta,20972.295,277_known,,Negative,1,0,0,1,test
O11,40,E gene,525764.1875,156069.6649,Amp,2.486422388,31.1377075,False,8000,3,26,dilution,10,Delta,525764.2,85_known,32.0,Positive,1,1,0,0,test
O11,40,N gene,514620.8438,374929.8786,Amp,2.650410878,31.08872979,False,14000,3,22,dilution,10,Delta,514620.84,181_known,32.0,Positive,1,1,0,0,test
O13,40,RnaseP,21591.52539,244.833391,No Amp,0.0,Undetermined,False,20000,3,44,dilution,10,Delta,21591.525,278_known,,Negative,1,0,0,1,test
O13,40,E gene,528530.375,159798.9526,Amp,2.48410221,30.90640453,False,8000,3,24,dilution,10,Delta,528530.4,86_known,31.0,Positive,1,1,0,0,test
O13,40,N gene,594163.9375,450731.2057,Amp,2.678678177,30.44497505,False,14000,3,23,dilution,10,Delta,594163.94,182_known,31.0,Positive,1,1,0,0,test
O15,40,RnaseP,22191.42969,-10.47414498,No Amp,0.0,Undetermined,False,20000,3,44,dilution,1,Delta,22191.43,279_known,,Negative,1,0,0,1,test
O15,40,E gene,413654.3125,36961.00815,Amp,2.185496967,33.92428773,False,8000,3,25,dilution,1,Delta,413654.3,87_known,35.0,Positive,1,1,0,0,test
O15,40,N gene,224087.2656,85477.53035,Amp,2.361247614,34.2905101,False,14000,3,25,dilution,1,Delta,224087.27,183_known,35.0,Positive,1,1,0,0,test
O17,40,RnaseP,23687.48242,-0.045740887,No Amp,0.0,Undetermined,False,20000,3,44,dilution,1,Delta,23687.482,280_known,,Negative,1,0,0,1,test
O17,40,E gene,429374.7188,51219.77975,Amp,2.260744136,33.92270915,False,8000,3,28,dilution,1,Delta,429374.72,88_known,34.0,Positive,1,1,0,0,test
O17,40,N gene,327437.5,178162.1265,Amp,2.520688508,33.18976069,False,14000,3,25,dilution,1,Delta,327437.5,184_known,34.0,Positive,1,1,0,0,test
O19,40,RnaseP,24156.98828,2923.530824,No Amp,1.606135429,Undetermined,False,20000,3,13,dilution,100000,Omicron,24156.988,281_known,,Negative,1,0,0,1,test
O19,40,E gene,700671.875,335354.0919,Amp,2.603759078,18.57533223,False,8000,3,12,dilution,100000,Omicron,700671.9,89_known,19.0,Positive,1,1,0,0,test
O19,40,N gene,949395.625,819447.8931,Amp,2.73377248,18.42884362,False,14000,3,12,dilution,100000,Omicron,949395.6,185_known,19.0,Positive,1,1,0,0,test
O21,40,RnaseP,20739.02734,1089.016026,No Amp,1.388825253,Undetermined,False,20000,3,22,dilution,1000,Omicron,20739.027,282_known,,Negative,1,0,0,1,test
O21,40,E gene,653850.3125,288969.2365,Amp,2.58860957,25.46863564,False,8000,3,20,dilution,1000,Omicron,653850.3,90_known,26.0,Positive,1,1,0,0,test
O21,40,N gene,812836.75,675782.3411,Amp,2.727909037,25.2154908,False,14000,3,19,dilution,1000,Omicron,812836.75,186_known,26.0,Positive,1,1,0,0,test
O23,40,RnaseP,18673.48438,26.90780356,No Amp,0.0,Undetermined,False,20000,3,44,dilution,1,Omicron,18673.484,283_known,,Negative,1,0,0,1,test
O23,40,E gene,399801.0,27777.56974,Amp,2.122389743,34.81492146,False,8000,3,29,dilution,1,Omicron,399801.0,91_known,35.0,Positive,1,1,0,0,test
O23,40,N gene,211026.9531,77644.02705,Amp,2.347378807,34.59583977,False,14000,3,28,dilution,1,Omicron,211026.95,187_known,35.0,Positive,1,1,0,0,test
